NAF,Nom,Complement_adresse,Numero_voie,Type_voie,libelleVoieEtablissement,codePostalEtablissement,libelleCommuneEtablissement,CoordonneesLambertAbscisse,CoordonneesLambertOrdonnee
08.12Z,CEMEX GRANULATS RHONE MEDITERRANEE,PARC D AFFAIRES DE LA BANDONNIERE,6,RUE,LOUIS GATTEFOSSE,69800,SAINT-PRIEST,849645.1918425404,6514077.293251041
16.10A,DESCHAUMES,"",15,QUAI,JEAN MOULIN,69002,LYON,842841.7975349989,6520015.529036874
16.10A,EXPLOITATIONS FORESTIERES BARILLET,"",78,AVENUE,FRANKLIN ROOSEVELT,69120,VAULX-EN-VELIN,850535.9506628009,6519772.030259181
16.10A,FIBRES INDUSTRIES BOIS,ZAC DE L'ARSENAL,"",RUE,ANDRE SENTUC,69200,VENISSIEUX,845447.4831750356,6513884.470733212
16.23Z,BURGER ET CIE,"",44,AVENUE,DE LANESSAN,69410,CHAMPAGNE-AU-MONT-D'OR,839241.9194128583,6523300.369568235
20.30Z,VERNIJURA,ZA EST,17,RUE,LOUIS SAILLANT,69120,VAULX-EN-VELIN,850707.7927168661,6521474.283008059
20.30Z,STO,"",53,CHEMIN,DE GENAS,69800,SAINT-PRIEST,852417.5050225984,6514652.907660939
20.30Z,BRAND EQUITY EUROPEAN STRATEGIES,"",27,RUE,DES REMPARTS D'AINAY,69002,LYON,842317.9995406448,6518675.942544414
20.30Z,ALLIOS,"",12,RUE,LUCETTE ET RENE DESGRAND,69100,VILLEURBANNE,847469.6896408484,6522402.992189364
20.30Z,RECA,"",163,AVENUE,FRANKLIN ROOSEVELT,69150,DECINES-CHARPIEU,850383.9750120396,6518749.10607379
20.30Z,ALLIOS,"",8,RUE,DU MACONNAIS,69800,SAINT-PRIEST,849603.6161906559,6512432.234760545
22.23Z,LES NOUVELLES MENUISERIES GREGOIRE,IMMEUBLE DANICA B,21,AVENUE,GEORGES POMPIDOU,69003,LYON,844935.8877843218,6519455.2440167535
22.23Z,OXXO,"",161,AVENUE,FRANKLIN ROOSEVELT,69150,DECINES-CHARPIEU,850392.007408279,6518798.957560711
22.29A,LEA COMPOSITES CENTRE,ROUTE DE GIVORS D 312,"","",,69360,TERNAY,0,0
22.29A,LEA COMPOSITES CENTRE,"",9,RUE,DE L INDUSTRIE,69220,BELLEVILLE-EN-BEAUJOLAIS,0,0
23.20Z,TRB,PARC WILSON,31,RUE,WILSON,69150,DECINES-CHARPIEU,851054.4392959839,6520307.53620067
23.51Z,VICAT,"",59,AVENUE,PAUL KRUGER,69100,VILLEURBANNE,847433.5330214902,6519178.721191017
23.51Z,VICAT,"",25,RUE,EMILE ZOLA,69150,DECINES-CHARPIEU,851559.99334003,6520141.935304771
23.61Z,PLATTARD SAS,"",414,AVENUE,DE LA PLAGE,69400,VILLEFRANCHE-SUR-SAONE,835336.408463369,6543844.696503466
23.61Z,PLATTARD SAS,SERRIERES,294,ROUTE,DE SAINT-ENNEMOND,69220,CERCIE,830109.6955687404,6559851.068125864
23.69Z,SOBEMO,"",24,AVENUE,JOANNES MASSET,69009,LYON,839901.777246777,6520621.374708257
23.70Z,FRANCEPIERRE,"",42,RUE,DU DOYENNE,69005,LYON,841897.4766222319,6519270.705182133
24.20Z,TUBEST SAS,"",74,AVENUE,DES BRUYERES,69150,DECINES-CHARPIEU,850999.9840545155,6519285.218549502
24.33Z,LAUDE,ZONE IDUSTRIELLE DE CHASSIEU,21,RUE,AMPERE,69680,CHASSIEU,853660.4985704466,6516478.254119728
25.11Z,BOLMIN PROFILS,"",60,AVENUE,DU PROGRES,69680,CHASSIEU,852715.1,6516544.98
25.11Z,ESCALIERS DECORS - ESCA INDUSTRIE,"",81,AVENUE,FRANKLIN ROOSEVELT,69150,DECINES-CHARPIEU,850527.65,6519612.87
25.12Z,PRODOTTI FRANCE,"",47,AVENUE,URBAIN LE VERRIER,69800,SAINT-PRIEST,852280.1781269346,6514309.913054894
25.12Z,BIOSSUN SOLUTIONS,PARC DU DOME,3,ROUTE,DU DOME,69630,CHAPONOST,837378.9047085332,6512254.001199193
25.99B,RHEINZINK FRANCE,"",120,IMPASSE,DE LA BALME,69800,SAINT-PRIEST,854519.0749128436,6513725.535700339
42.11Z,ENTREPRISE DE FILIPPIS,RDC,175,AVENUE,DES FRERES LUMIERE,69730,GENAY,841373.1705462246,6533809.6503068535
43.12A,ECOTP EURL,"",228,ROUTE,DE GRENOBLE,69800,SAINT-PRIEST,852281.0013365407,6514954.561323837
43.22B,ISO CHAUFF'CONFORT,"",9,RUE,PASTEUR,69720,SAINT-BONNET-DE-MURE,856664.2628275536,6513055.145882136
43.29A,NC 2008 ENVIRONNEMENT,IMMEUBLE OPNR CHEMIN DEPARTEMENTAL 12,12,RTE,DE CHASSE,69360,SOLAIZE,0,0
43.32A,OPTIMA FENETRES,41-47,41,RUE,PAUL ET MARC BARBEZAT,69150,DECINES-CHARPIEU,850764.6429119173,6519508.487849129
43.32A,ATH AMENAGEMENT,"",16,RUE,DES GROLIERES,69120,VAULX-EN-VELIN,848288.8752913473,6522629.469536088
43.32B,LAURENT & FILS,"",1,RUE,DE PARIS,69210,L ARBRESLE,0,0
43.34Z,ETABLISSEMENTS TARGE,"",60,RUE,DE MARSEILLE,69007,LYON,842975.0073740691,6518428.951728581
43.99D,IMMERSION,"",119,ROUTE,DE BRIGNAIS,69230,SAINT-GENIS-LAVAL,837773.5616430868,6513832.498784395
46.13Z,3 BAIES.COM,"",47,BD,DE L EUROPE,69310,OULLINS-PIERRE-BENITE,0,0
46.13Z,FENETRES ET HABITAT,"",21,RUE,DES FRERES LUMIERE,69680,CHASSIEU,852361.252551291,6516596.503533647
46.13Z,3 BAIES.COM,"",155,RUE,LEON BLUM,69100,VILLEURBANNE,848030.234578975,6519675.742824884
46.13Z,3 BAIES.COM,ZI GRANGE EGLISE SUD,"","",COLOMBIER,69590,SAINT SYMPHORIEN SUR COISE,0,0
46.19A,ESPACE COOPERATIVE,"",270,AVENUE,DES FRERES LUMIERE,69730,GENAY,841311.8208127773,6533758.9143525185
46.19A,ESPACE COOPERATIVE,LES RABLIERES,"",RUE,PIANI,69480,AMBERIEUX,0,0
46.72Z,PRO NEGOCE,"",4,RUE,DU DAUPHINE,69960,CORBAS,848763.7578195015,6511412.750939319
46.73A,CONCEPT-EQUIPEMENT,"",19,RUE,LOUISE LABE,69720,SAINT-BONNET-DE-MURE,858201.4982535659,6512099.417850803
46.73A,ENER-RENOV,"",50,AVENUE,DU PROGRES,69680,CHASSIEU,852756.5677896517,6516688.530590566
46.73A,GROUPE BIEN CHEZ SOI HABITAT,BATIMENT 9,21,RUE,ARISTIDE BRIAND,69800,SAINT-PRIEST,850461.9974204608,6512108.725402703
46.73A,KARA OUVERTURE GIVORS,"",6,QUAI,ROSENBERG,69700,GIVORS,0,0
46.73A,FORESTBOIS,"","","",AZOLE,69790,PROPIERES,0,0
46.73A,CANPOLAT,CHEZ MAGNA GESTIO LYON,143,RUE,PIERRE CORNEILLE,69003,LYON,843392.65534575,6519405.213004826
46.73A,NAT'HABITAT,"",205,RUE,DES CHANTIERS DU BEAUJOLAIS,69400,LIMAS,833032.6931134217,6543318.3771378
46.73A,SEV CONCEPT,"",2,RUE,DE LA DOULLINE,69340,FRANCHEVILLE,836964.5573346713,6516890.839798404
46.73A,SAMPLES ROOM,"",24,CHEMIN,DE LA GRANGE,69680,CHASSIEU,852650.4850771775,6517735.3147240905
46.73A,[ND],[ND],[ND],[ND],[ND],[ND],SARCEY,[ND],[ND]
46.73A,A2EC,"",3,RUE,DES CEDRES BLEUS,69800,SAINT-PRIEST,851243.8883356021,6512951.064023688
46.73A,COSTA RENOVATION,"",16,QUAI,ROMAIN ROLLAND,69005,LYON,842143.5418427065,6519792.036405213
46.73A,CORRADI FRANCE SAS,"",6,RUE,DE GENEVE,69800,SAINT-PRIEST,854826.4858999732,6514229.722742529
46.73A,ALLIOD WOOD,"",57,RUE,JEANNE D'ARC,69003,LYON,846274.8618396507,6518555.701833392
46.73A,BESMO FENETRES ET PORTES,HELLODOM,12,RUE,DE LA PART-DIEU,69003,LYON,843163.7591815542,6519391.537285264
46.73A,LM BATIMENT ET DEVELOPPEMENT,"",4,RUE,DE LA REPUBLIQUE,69001,LYON,842672.7025733468,6520239.532538083
46.73A,CHARROIN SA,"",12,RUE,DU GENERAL DE GAULLE,69530,BRIGNAIS,837279.6898833829,6509921.3442871785
46.73A,D'KOMAT,"",6,AVENUE,DOCTEUR SCHWEITZER,69330,MEYZIEU,857580.4147422306,6520276.168247518
46.73A,ALLIANCE EURASIA,"",41,AVENUE,GRANDCLEMENT,69120,VAULX-EN-VELIN,848599.3583233444,6520678.252491542
46.73A,CODIGREG,"",1,CHEMIN,DU LORTARET,69800,SAINT-PRIEST,852180.8374972579,6514459.081960533
46.73A,GREEN HOME SOLUTION FRANCE,"",4,RUE,MAURICE AUDIBERT,69800,SAINT-PRIEST,849697.9898960141,6514015.261990905
46.73A,DECOGRANIT NEGOCE,BAT 7,7,CHEMIN,DE SACUNY,69530,BRIGNAIS,837781.4526216693,6510440.094445448
46.73A,GROUP HAK ASSET MANAGEMENT.,"",4,RUE,MAURICE AUDIBERT,69800,SAINT-PRIEST,849697.9898960141,6514015.261990905
46.73A,BDC,"",34,RUE,DE LA QUARANTAINE,69005,LYON,841591.1241119301,6518654.130463174
46.73A,PIM MOBILITY,LE VILLAGE BY CA,1,AVENUE,DE CHAMPFLEURY,69410,CHAMPAGNE-AU-MONT-D'OR,839011.7767701985,6523701.031489269
46.73A,HDR SERVICES,"",796,QUAI,PIERRE DUPONT,69270,ROCHETAILLEE-SUR-SAONE,842493.8440922622,6529149.482270192
46.73A,H1'TR,"","","",PLAT DES GRANGES,69870,CLAVEISOLLES,0,0
46.73A,BATI CENTRAL,"",86,RUE,DE VERDUN,69100,VILLEURBANNE,847526.2125819299,6521704.085367919
46.73A,DUMALOU,"",96,AVENUE,DU PROGRES,69680,CHASSIEU,852623.1234217249,6515841.629414757
46.73A,MONKITISOLATION,"",6,CHEMIN,DE CHALIN,69130,ECULLY,839189.150541594,6521359.171951862
46.73A,NOMAD,"",58,ROUTE,DE GENEVE,69140,RILLIEUX-LA-PAPE,846950.7157551616,6524824.131663916
46.73A,SCP REALISATIONS,"",38,RUE,JEAN MOULIN,69300,CALUIRE-ET-CUIRE,843320.0367159066,6523743.008286068
46.73A,TCM DIFFU,"",200,RUE,DES SOURCES,69280,MARCY-L'ETOILE,832456.1996487398,6522484.365591987
46.73A,INTERALUM PROFILES,"",27,RUE,PAUL BERTHOUD,69220,BELLEVILLE-EN-BEAUJOLAIS,0,0
46.73A,MR ISO NEGOCE,"",23,RUE,DU LYONNAIS,69800,SAINT-PRIEST,849168.4589343694,6512797.89442237
46.73A,B DIRECT,"",3,SQUARE,AVERROES,69009,LYON,839397.198895112,6522430.591515819
46.73A,IFF LYON SUD,"",1537,ROUTE,DE BEAUCAIRE,69700,LOIRE-SUR-RHONE,841276.7147059315,6497048.6277323235
46.73A,TOUT PALETTE NEGOCE,"",3,RUE,DES ETATS UNIS,69800,SAINT-PRIEST,849705.925615496,6512805.082007173
46.73A,CPI,"",2,CLOS,DE LA TOUR,69970,CHAPONNAY,850407.7916877274,6505294.121568043
46.73A,CONTROLE DE NIVEAU DEBIT PRESSION,"",1355,CHE,DE ST ANDRE,69760,LIMONEST,0,0
46.73A,GS PRO,"",7,RUE,TRONCHET,69006,LYON,843315.0059695586,6520559.086698786
46.73A,SOVIPAR SARL,"",1460,"",ROUTE NATIONALE 6,69400,LIMAS,0,0
46.73A,LES CARRELAGES DE LA VALLEE,"",60,AVENUE,DES FRERES LUMIERE,69730,GENAY,841159.9815898335,6533558.577781748
46.73A,M P P F,VOIE C E,23,RUE,DES BRUYERES,69330,PUSIGNAN,861514.4024659251,6520451.456827376
46.73A,ETS ACHARD CENTRALE EMBALLAGES,"",45,RUE,JOLIOT-CURIE,69780,MIONS,850794.7987212872,6510909.837722118
46.73A,CALLAIT MENUISERIES ET FERMETURES,"",21,ROUTE,DE LA TAQUIERE,69420,AMPUIS,840905.9320716957,6489209.61587608
46.73A,MULTISERVICE BATI PRO,"",12,RUE,LOUIS DE FUNES,69800,SAINT-PRIEST,849289.921466874,6513722.0649484545
46.73A,ATOUT PROFESSIONNEL SERVICES,"",73,CHE,DES SOURCES,69230,SAINT-GENIS-LAVAL,0,0
46.73A,WOOD ET PLY,"",42,AVENUE,DU PROGRES,69680,CHASSIEU,852822.5641431761,6516828.030142307
46.73A,ACIER VERRE ET NATURE,"",2,QUAI,GENERAL SARRAIL,69006,LYON,843103.2632364666,6520295.1031723125
46.73A,M.S.D.A,"",33,RUE,DE LA REPUBLIQUE,69002,LYON,842686.0861748456,6519801.074500248
46.73A,EUROFEN'S,"",33,RUE,ERNEST RENAN,69120,VAULX-EN-VELIN,848123.3031278765,6522396.192955036
46.73A,MIDOL MENUISERIE INDUSTRIELLE DE L' OUEST LYONNAIS,"",76,ROUTE,DE BRIGNAIS,69630,CHAPONOST,837468.0142709288,6512675.651236213
46.73A,CVA,"",4,IMPASSE,D'YPRES,69004,LYON,841111.6466408907,6522071.353613935
46.73A,JOSE FERNANDEZ SELECTION,"",170,RUE,DU NIZERAND,69400,VILLEFRANCHE-SUR-SAONE,832292.7241408405,6545843.0775791835
46.73A,INTERMIND,"",25,RUE,JEAN JAURES,69740,GENAS,856766.2686632922,6517488.4649646925
46.73A,INOGREEN,"",283,RUE,DE L'ETANG,69760,LIMONEST,838112.4345867835,6524760.505975586
46.73A,BLOCMOBIL,ZAC,"","",LA VALLEE,69550,SAINT JEAN LA BUSSIERE,0,0
46.73A,SARL MENUI'PRO,"",97,AVENUE,DE LANESSAN,69410,CHAMPAGNE-AU-MONT-D'OR,839037.9561698766,6523526.453178534
46.73A,ECOHOUSE FRANCE,"",410,COURS,EMILE ZOLA,69100,VILLEURBANNE,848251.5017966656,6520059.323314789
46.73A,MINE ASHEM,"",12,CHEMIN,CLAUDE DEBUSSY,69120,VAULX-EN-VELIN,849832.503694243,6521787.758611683
46.73A,OLTERRE,"",105,"",SUD RTE NATIONALE 6,69380,LISSIEU,0,0
46.73A,TARARE MATERIAUX,"",780,BOULEVARD,DE LA TURDINE,69490,SAINT-FORGEUX,813503.8070643708,6532832.665952539
46.73A,STA GROUP FRANCE,"",2,RUE,CHARRIN,69100,VILLEURBANNE,846814.5558364488,6519160.215195848
46.73A,AQUAEVA SERVICES,BATIMENT ARTIPOLIS,"",RUE,DES MURIERS,69390,VOURLES,836888.0576949565,6507883.74943295
46.73A,SARL DUPERRET DISTRIBUTION,"","","",BOIS BOTTON,69790,PROPIERES,0,0
46.73A,DECK-KING,"",5,RUE,DE LA TERRE NOBLE,69126,BRINDAS,832421.324433243,6514771.9999763565
46.73A,ARTINOM,"",43,RUE,DES EPARRES,69170,AFFOUX,808857.0239500976,6528233.154346619
46.73A,TOPALETTE,"",2,RUE,LUCIE AUBRAC,69120,VAULX-EN-VELIN,849174.7811090362,6521436.255162935
46.73A,INOLYS,"",42,RUE,VAUCANSON,69150,DECINES-CHARPIEU,850767.0398439735,6518958.345859954
46.73A,PLATTARD NEGOCE,PARC DE L ECHANGEUR,"",RUE,CHARLES SEVE,69400,VILLEFRANCHE-SUR-SAONE,835112.9162957815,6543512.073141566
46.73A,EUROPE PARTNER,"",9,RUE,DU DAUPHINE,69800,SAINT-PRIEST,850067.9361284849,6513911.539782269
46.73A,AS PRV INNOV,BATIMENT B,23,AVENUE,RAYMOND DE VEYSSIERE,69130,ECULLY,838305.3440345781,6520962.290735845
46.73A,EUROCOMMERCE BOIS,"",23,RUE,JULES VALLES,69100,VILLEURBANNE,844917.9448362472,6520520.9831567025
46.73A,EST MULTITRAVAUX PRO,"",6,RUE,GAMBETTA,69330,MEYZIEU,855050.9967286328,6520466.222854285
46.73A,SASU EY PROJECTS,"",23,RUE,CREPET,69007,LYON,842732.1541470818,6517147.756357153
46.73A,RECUP'PALETTES,"",14,RUE,DU PROFESSEUR ROUX,69200,VENISSIEUX,844428.1,6516036.95
46.73A,BRICO DISTRIBUTION,PARC TERTIAIRE DU BOIS DIEU IMM. LYS,2,ALL,DES CHEVREUILS,69380,LISSIEU,0,0
46.73A,AB2D,"",1,RUE,MARIETTON,69009,LYON,840481.7147747123,6521081.723461568
46.73A,GEN GEM,"",31,RUE,BOILEAU,69006,LYON,843641.17509418,6520898.625333238
46.73A,ACHATS VENTES PALETTES,"",3,RUE,MARIUS VIVIER-MERLE,69200,VENISSIEUX,848000.7900990718,6512200.014280788
46.73A,LGMH,10-12,10,BOULEVARD,MARIUS VIVIER-MERLE,69003,LYON,844351.0910242146,6519783.145870794
46.73A,CLOTURE METAL,"",125,ROUTE,DE GRENOBLE,69800,SAINT-PRIEST,854074.7472363882,6514119.0600442765
46.73A,CLEF,"",6,RUE,DE BRETAGNE,69330,MEYZIEU,856821.7627423196,6520122.647800171
46.73A,[ND],[ND],[ND],[ND],[ND],[ND],ANSE,[ND],[ND]
46.73A,FERMETURE 2002,"",14,QUAI,DE CHAREZIEUX,69270,SAINT-ROMAIN-AU-MONT-D'OR,842107.2459339742,6528212.537664411
46.73A,DP DIFFUSION,ZAC DE CHANTEGRILLET,"",ROUTE,NATIONALE 6,69400,ARNAS,833069.466193385,6546795.989035537
46.73A,VERANTECH FRANCE,"",105,AVENUE,PAUL MARCELLIN,69120,VAULX-EN-VELIN,850037.5986040557,6521614.037879829
46.73A,CERAMICHE CAESAR SPA,"",201,RUE,DUGUESCLIN,69003,LYON,843692.666415738,6519655.832327485
46.73A,SINCORA,"",1,RUE,DE LA GDE ALLEE,69310,OULLINS-PIERRE-BENITE,0,0
46.73A,CONCEPT M,"",1,CHEMIN,DU TRONCHON,69410,CHAMPAGNE-AU-MONT-D'OR,838480.9400305554,6524025.256239574
46.73A,LE CROCODILE BLEU,"",17,CHE,TRACOL,69260,CHARBONNIERES-LES-BAINS,0,0
46.73A,MENUISERIES PRO,"",18,RUE,MARIE-MADELEINE FOURCADE,69007,LYON,842974.3011514145,6516903.348030103
46.73A,SOL MARBRE EUROPE,"",16,RUE,DE L’AVENIR,69740,GENAS,853868.0256041873,6515042.111984946
46.73A,SECURIBAT RHONE ALPES,"",41,COURS,DOCTEUR LONG,69003,LYON,846413.8900217372,6518373.842590511
46.73A,LYON PATRIMOINE IMMOBILIER,"",8,RUE,SAINT POLYCARPE,69001,LYON,842531.1434116744,6520500.170199173
46.73A,1001 PALETTES,"",24,CHE,DE LA FOUILLOUSE,69780,SAINT-PIERRE-DE-CHANDIEU,0,0
46.73A,RS PORTES,SANTICOLI  ZAC CHANTELOT,17,AVENUE,CHANTELOT,69520,GRIGNY,837861.4943080203,6502401.832719514
46.73A,[ND],[ND],[ND],[ND],[ND],[ND],LUCENAY,[ND],[ND]
46.73A,NOTHAM DISTRIBUTION,"",41,RUE,BALLAND,69120,VAULX-EN-VELIN,848270.0933654543,6521139.723518632
46.73A,MAISON BOIS ET COUVERTURE RHONE ALPES,"",40,RUE,BARON CHAURAND,69230,SAINT-GENIS-LAVAL,839909.3567483955,6511545.989326939
46.73A,LE BOIS DU MORVAN,"","","",LA FARGE,69790,PROPIERES,0,0
46.73A,PHILIPPE MATERIAUX,"",5,PLACE,CHARLES BERAUDIER,69003,LYON,844507.2989042128,6519650.636735419
46.73A,LES FERMETURES RHODANIENNES,"",7,RUE,TRONCHET,69006,LYON,843315.0059695586,6520559.086698786
46.73A,MONSIEUR FENETRES,"",161,AVENUE,FRANKLIN ROOSEVELT,69150,DECINES-CHARPIEU,850392.007408279,6518798.957560711
46.73A,DISTRIBUTION DE MATERIAUX POUR LES TRAVAUX PUBLICS - D.M.T.P,"",2,RUE,AUGUSTIN FRESNEL,69680,CHASSIEU,853144.8509063467,6515652.333870927
46.73A,ABO DISTRIBUTION,"",113,"",GRAND CHEMIN RN7,69210,LENTILLY,0,0
46.73A,DECO - PIERRE - MENUISERIE PAR ABREVIATION D.P.M,"",56,RUE,DE CHARLIEU,69240,COURS,0,0
46.73A,CFPM,"",37,QUAI,JAYR,69009,LYON,840478.3375183623,6521147.738639788
46.73A,LA PLATEFORME,"",33,RUE,SAINT SIMON,69009,LYON,839649.0054748817,6521337.4104698915
46.73A,BALMONT BOIS,ZI DU TRONCHON,7,CHEMIN,DES ANCIENNES VIGNES,69410,CHAMPAGNE-AU-MONT-D'OR,837856.8943461671,6524054.181485037
46.73A,MFCS,"",23,CHE,DES HAUTS DE SELETTES,69540,IRIGNY,0,0
46.73A,PANNEAUX BOIS SERVICES,PARC DE GENEVE,240,RUE,FERDINAND PERRIER,69800,SAINT-PRIEST,854716.6697089177,6513664.524677126
46.73A,ETABLISSEMENT NATIONAL DE L'AMELIORATION DE L'HABITAT,"",81,RUE,JABOULAY,69007,LYON,843502.914334661,6517888.532503008
46.73A,DND'PAL,ZONE INDUSTRIELLE DE L'AIGUE,32,RUE,AMPERE,69780,SAINT-PIERRE-DE-CHANDIEU,856072.2600597155,6508812.984315016
46.73A,DIP TECHNOLOGIES,PARC AKTILAND,8,RUE,DE LOMBARDIE,69800,SAINT-PRIEST,852168.1406258123,6514607.1772071
46.73A,BEAULIEU PISCINES,"",122,ROUTE,DE GRENOBLE,69800,SAINT-PRIEST,853889.522007192,6514221.502932563
46.73A,CHAUSSON MATERIAUX,ZA LES MARTINETS,1099,RUE,CLAUDE TERRASSE,69210,L'ARBRESLE,825022.9960122408,6526474.496432642
46.73A,EGE CONSTRUCTION,"",53,ROUTE,DE JONAGE,69330,PUSIGNAN,860656.2052041355,6520424.147146102
46.73A,CLEF,"",333,RUE,DU DAVID,69270,FONTAINES-SAINT-MARTIN,844130.5299178055,6529263.969955651
46.73A,VALLIANCE,"",50,CHE,LE MOULIN,69210,SAINT-PIERRE-LA-PALUD,0,0
46.73A,LMK TRADE,"",1,RUE,MARIUS BERLIET,69720,SAINT-BONNET-DE-MURE,857377.6726744482,6513386.649943792
46.73A,FEMAT CHAPONOST,"",4,ROUTE,DU DOME,69630,CHAPONOST,837257.0324667084,6512238.947310913
46.73A,M. CHARLES VCF (VRP CONSULTING FAMILY),"",14,RUE,JEANNE COLLAY,69500,BRON,848790.7091010214,6517787.499045882
46.73A,PRODISO,ZAC DES ILES,235,RUE,MARIE-PAULE RIVE,69380,MARCILLY-D'AZERGUES,833457.1250219992,6531404.207552967
46.73A,K SCHMID AG,"",10,IMPASSE,DES GLYCINES,69340,FRANCHEVILLE,837455.0265642141,6518148.883969405
46.73A,PIERRE RENAUD SAS,"",850,CHEMIN,DE BOIS MANIE,69440,TALUYERS,834896.1058866478,6506962.310464527
46.73A,PARALU DIFFUSION,ZONE INDUSTRIELLE CHASSAGNY,250,RTE,DES VARENNES,69700,BEAUVALLON,0,0
46.73A,AGRU ENVIRONNEMENT FRANCE,BATIMENT B,304,AVENUE,JEAN JAURES,69007,LYON,842445.5395061474,6515963.9744701
46.73A,GROUPE MDSA NEGOCE,"",2125,ROUTE,DE VILLEFRANCHE,69480,ANSE,832804.8354785647,6539841.94784612
46.73A,BEAULIEU INVEST,"",7,RUE,DE LA LIBERATION,69270,FONTAINES-SUR-SAONE,844260.357297092,6527528.04885074
46.73A,GUGLER LYON 6E,BAT N 7,11,ALL,GUIMET,69250,FLEURIEU-SUR-SAONE,0,0
46.73A,LOFT CARRELAGE,"",8,AVENUE,CHANTELOT,69520,GRIGNY,837891.4304151473,6502631.550452474
46.73A,TRANSPARENCE CONCEPTION,"",682,ROUTE,D’ANSE,69400,LIMAS,832878.53,6542814.73
46.73A,PELTIER BOIS LYON,"","",CHEMIN,DES VIEILLES VIGNES,69530,BRIGNAIS,836550.7898217784,6508787.651930866
46.73A,MB EUROPE,PARC AKTILAND 2,8,RUE,DE LOMBARDIE,69800,SAINT-PRIEST,852168.1406258123,6514607.1772071
46.73A,TOP MODULES,PARC MATERIEL,18,ROUTE,DE SEREZIN,69360,TERNAY,841328.4264269364,6503537.7582998825
46.73A,NEGO-FLEX,"",70,ROUTE,DE L'ETRA,69390,CHARLY,839645.0302435956,6506730.870540985
46.73A,UPM WOOD MATERIALS,"",191,COURS,LAFAYETTE,69006,LYON,844459.67,6519943.21
46.73A,BELITH SPECIALTIES,"",48,CHEMIN,DES OLIVIERS,69230,SAINT-GENIS-LAVAL,838584.5311338835,6511468.977357143
46.73A,FEMAT LYON EST,"",28,RUE,LOUIS PRADEL,69960,CORBAS,848967.467797325,6510116.89247141
46.73A,DECAMATERIAUX,"",156,RUE,MONCEY,69003,LYON,843971.1475962856,6519881.968058451
46.73A,KARDIGAN,BATIMENT ZERMATT,1306,CHEMIN,DU CHAMP DE LIERE,69140,RILLIEUX-LA-PAPE,845482.2567919914,6524714.462684007
46.73A,FENETRES & VOUS,"",533,RUE,DES GRILLONS,69400,GLEIZE,831699.8555033358,6545392.851247673
46.73A,S.G.DIFFUSION,"",3,ALLEE,BARTHELEMY THIMONNIER,69970,CHAPONNAY,850162.0652077678,6507693.437957084
46.73A,PMC DELOY,"",14,AVENUE,DES FRERES MONTGOLFIER,69680,CHASSIEU,852935.5266121186,6516018.808510922
46.73A,MEME PALIER,"",21,CHEMIN,DE LA CROIX BLANCHE,69510,SOUCIEU-EN-JARREST,831517.0234519161,6509698.686583615
46.73A,INHEXIS,"",17,IMP,GEN BROSSET,69140,RILLIEUX LA PAPE,0,0
46.73A,GLOBALIS COMPETENCES,"",12,RUE,FULGENCIO GIMENEZ,69120,VAULX-EN-VELIN,849390.4478817484,6518729.949992824
46.73A,CATANIA CERAMIQUE,"",25,AVENUE,JEAN MOULIN,69520,GRIGNY,840030.7589267832,6502784.1709156325
46.73A,DSHWOOD FRANCE,BATIMENT 4 PARC MILLESIME,119,RUE,MICHEL AULAS,69400,LIMAS,832873.4288300604,6543206.168901317
46.73A,NOVIHOME,"",25,RUE,PAUL MONTROCHET,69002,LYON,841575.2808889064,6517092.195854161
46.73A,DECOCERA,"",48,RUE,DU DAUPHINE,69800,SAINT-PRIEST,849488.398484585,6514255.430498588
46.73A,3F3G,"",260,RUE,DU COMPANET,69140,RILLIEUX-LA-PAPE,845954.6611597356,6525246.776646296
46.73A,AU FAITE,"",2,CHEMIN,DU GENIE,69200,VENISSIEUX,844817.0525406802,6514649.258048379
46.73A,SAINBIOSE,"",9,RUE,DU PERIGORD,69330,MEYZIEU,857079.3792559117,6519796.753807796
46.73A,INOPRO,"",42,RUE,VAUCANSON,69150,DECINES-CHARPIEU,850767.0398439735,6518958.345859954
46.73A,CONCEPT BERTHEAU MENUISERIES,"",36,RUE,DU GUICHOLET,69390,MILLERY,838935.1750711764,6505482.800693599
46.73A,TARARE MATERIAUX,"",4,AVENUE,MATHIEU MISERY,69160,TASSIN-LA-DEMI-LUNE,837358.6652804886,6519135.993375079
46.73A,NEOLIFE,"",11,CHEMIN,DES ANCIENNES VIGNES,69410,CHAMPAGNE-AU-MONT-D'OR,837856.8943461671,6524054.181485037
46.73A,CNT,ZONE ARTISANALE,"",IMPASSE,DU PETIT PRINCE,69124,COLOMBIER-SAUGNIEU,863612.8173260958,6514323.654636371
46.73A,CIFFREO & BONA,"",3,RUE,DES ALPES,69120,VAULX-EN-VELIN,850509.9132653025,6521951.640880099
46.73A,EVDEMA FRANCE,"",35,CHEMIN,DE GENAS,69800,SAINT-PRIEST,852764.9871995293,6514921.0376368705
46.73A,EUROPA TRANSIT,"",16,RUE,DES FRERES LUMIERE,69740,GENAS,854719.1465787278,6514817.330683241
46.73A,F BERNARD SA,"",10,RUE,DE LA CHARITE,69002,LYON,842462.9276173494,6518974.891171777
46.73A,RESO LPI,"",9,RUE,JEAN ZAY,69800,SAINT-PRIEST,848759.6758668647,6513661.099987211
46.73A,SARL JEAN CORNE ET CIE,41/43,"",RUE,ROGER SALENGRO,69200,VENISSIEUX,845273.592246169,6515280.5462508695
46.73A,SOCIETE MODERNE D'ISOLATION,"",33,ROUTE,DE LYON,69960,CORBAS,847427.8008056072,6510907.001710115
46.73A,SARL JUNET BOIS,"",1050,ROUTE,DE SARCEY,69490,SAINT-ROMAIN-DE-POPEY,819986.3102863932,6530915.217935523
46.73A,DECO MATIERE,"",104,ROUTE,D’ANSE,69620,FRONTENAS,827566.9429494074,6537810.417238293
46.73A,WEDI FRANCE SARL,GERLAND TECHNOPARK - IMMEUBLE B,43,RUE,SAINT JEAN DE DIEU,69007,LYON,843611.0080585014,6515438.272842372
46.73A,ETERNO - IVICA SRL,"",12,RUE,JEAN CARMET,69800,SAINT-PRIEST,848920.7037889444,6514200.315169385
46.73A,CIFFREO & BONA,"",1425,ROUTE,NATIONALE 6,69400,ARNAS,833084.2703718408,6547310.152574266
46.73A,SPECIALISTES MENUISERIES INDUSTRIELLES,"",4,RUE,PASTEUR,69720,SAINT-BONNET-DE-MURE,856686.2412727403,6513142.576802964
46.73A,ACCESSOIRES DE CONSTRUCTION,"",16,RUE,DE L’AVENIR,69740,GENAS,853868.0256041873,6515042.111984946
46.73A,FEMAT,"",14,CHEMIN,DES HIRONDELLES,69570,DARDILLY,836962.1776893571,6524476.444543398
46.73A,MARTIN RENARD,ZI MI-PLAINE,16,CHEMIN,DES MURIERS,69740,GENAS,854441.9746979465,6514782.693039323
46.73A,PIERRES DE L'EST,"","",ROUTE,DE RIVE-DE-GIER,69700,GIVORS,835613.0713983417,6499571.1110689975
46.73A,ALUK SYSTEMES,"","",RUE,DU PETIT BOIS,69440,MORNANT,832603.7547155514,6504027.759648344
46.73A,METALTEQ,"",21,RUE,JEAN JAURES,69330,MEYZIEU,856886.7836698384,6521635.760964119
46.73A,AM EXPRESS,"",13,BOULEVARD,EDMOND MICHELET,69008,LYON,845931.8374665631,6516478.405015113
46.73A,PLATTARD CARRELAGES,"",414,AVENUE,DE LA PLAGE,69400,VILLEFRANCHE-SUR-SAONE,835336.408463369,6543844.696503466
46.73A,K&M,"",18,RUE,DES REMPARTS D'AINAY,69002,LYON,842237.7105464,6518694.408903981
46.73A,PLATTARD CARRELAGES,"",45,ALLEE,DU MENS,69100,VILLEURBANNE,848144.3922965059,6521912.38002423
46.73A,CH LEROUX,"",254,RUE,VENDOME,69003,LYON,843572.0013307976,6519197.130395543
46.73A,OLLIER BOIS,"",552,RUE,DE L’ECOSSAIS,69400,LIMAS,833763.5793580052,6543132.390588828
46.73A,MZ EMBALLAGES,"",4,CHEMIN,MAURICE FERREOL,69120,VAULX-EN-VELIN,848919.2476536597,6522618.861235644
46.73A,FRANCE NEG,"",176,RUE,DES FRERES LUMIERE,69400,VILLEFRANCHE-SUR-SAONE,832402.567404132,6543667.026268079
46.73A,INTERSTOCK,"",25,RUE,JEAN JAURES,69740,GENAS,856766.2686632922,6517488.4649646925
46.73A,PLATTARD NEGOCE,"",2,RUE,LOUIS PRADEL,69960,CORBAS,848778.795902707,6509974.68886145
46.73A,AB CONCEPT,"",9,AVENUE,GENERAL LECLERC,69140,RILLIEUX-LA-PAPE,847740.4946318705,6525545.489691988
46.73A,PLATTARD NEGOCE,"",676,ROUTE,DE LYON,69380,LOZANNE,831041.3894423695,6529843.631591125
46.73A,ARTMONY,"",24,RUE,PAUL ET MARC BARBEZAT,69150,DECINES-CHARPIEU,850778.0811287519,6519724.210612293
46.73A,DISTRIBUTION AMENAGEMENT ET ISOLATION,13/14,"",RUE,JACQUES MONOD,69320,FEYZIN,844017.2748122918,6510010.890929782
46.73A,HK TRANSIT,"",12,CHEMIN,MAURICE FERREOL,69120,VAULX-EN-VELIN,848879.3133900808,6522608.782856678
46.73A,3B,"",2360,ROUTE,DE SAVIGNY,69490,ANCY,819302.01,6526876.95
46.73A,ONE TWO PALETTE,"",70,RUE,PAUL ET MARC BARBEZAT,69150,DECINES-CHARPIEU,850724.7882049237,6519263.345356322
46.73A,GIRARDON MATERIAUX,ZAC DE LA PESSELIERE,20,RUE,JOSEPH MARIE JACQUARD,69780,MIONS,852530.5848287684,6510573.767240347
46.73A,Z POOL CONCEPT,"",13,CHEMIN,DES RIVIERES,69370,SAINT-DIDIER-AU-MONT-D'OR,839802.3739921198,6523085.852359051
46.73A,GIRARDON MATERIAUX,PARC D'ACTIVITES DE CHARPENAY,"",ALL,DES BOUTONS D'OR,69210,LENTILLY,0,0
46.73A,ANAECOBAT SOLUTION PEINTURE,"",17,RUE,LOUIS SAILLANT,69120,VAULX-EN-VELIN,850707.7927168661,6521474.283008059
46.73A,ASTURIENNE,"",52,RUE,COLIERE,69780,MIONS,850633.0029667187,6511166.807379381
46.73A,ZINCO,LE 144-COWORKING A LYON,45,RUE,DE LA BOURSE,69002,LYON,842761.2,6519954.23
46.73A,PPC,"",17,RUE,PAUL VERLAINE,69100,VILLEURBANNE,846122.07,6520465.01
46.73A,BK DIFFUSION,"",15,RUE,LAVOISIER,69780,SAINT-PIERRE-DE-CHANDIEU,856429.91,6509184.89
46.73A,L'ATELIER DES TRADITIONS,"",81,RTE,NATIONALE 6,69570,DARDILLY,0,0
46.73A,MBO,"",62,RUE,DE BREST,69002,LYON,842480.8672908694,6519595.360553544
46.73A,MONSIEUR FENETRES,"",98,RUE,ALEXANDRE DUMAS,69120,VAULX-EN-VELIN,850076.837267594,6518932.0965435505
46.73A,SOCIETE FAURE,"",17,RUE,BOIRON,69440,MORNANT,830384.7387386606,6503386.176419102
46.73A,BF DIFFUSION,PARC ACTIVITE 3 COMMUNES TAFFIGNON,"",ROUTE,DE FRANCHEVILLE,69630,CHAPONOST,837811.0174004993,6515689.803569244
46.73A,RECYCLE PALETTE,"",3,RUE,JOHANN STRAUSS,69200,VENISSIEUX,847710.6537952457,6511928.097551623
46.73A,ECO 3 BOIS,"",2,CHEMIN,DU GENIE,69200,VENISSIEUX,844817.0525406802,6514649.258048379
46.73A,THERMIMUR DISTRIBUTION SAS,"",6,IMPASSE,MONGE,69330,MEYZIEU,857355.018121856,6520430.682296631
46.73A,CLOTURE ET CARRELAGE,"",146,ROUTE,DE GRENOBLE,69800,SAINT-PRIEST,853600.173950952,6514352.0058430955
46.73A,AUTREMENT PIERRES,"",68,RUE,DE LA POSTE,69220,BELLEVILLE-EN-BEAUJOLAIS,835190.52,6558314.46
46.73A,PALMY BOIS SYLVICOLE,"",29,CHE,DU LUCE,69430,DEUX-GROSNES,0,0
46.73A,ECONERGIE SERVICES,"",551,CHEMIN,DES BROSSES,69870,POULE-LES-ECHARMEAUX,814069.6911550625,6560104.717583959
46.73A,ERIC MALGREY COMMERCIAL BOIS CONSTRUCTION,"",24,RUE,GAMBETTA THIZY,69240,THIZY-LES-BOURGS,0,0
46.73A,ED,"",325,RUE,DES EPARVIERS,69360,SOLAIZE,843048.138130397,6505877.345317317
46.73A,LYON STRUCTURES BOIS,"",23,COURS,FRANKLIN ROOSEVELT,69006,LYON,843470.8278398117,6520511.075951667
46.73A,SARL B C D,"",47,RUE,DE LA GARE,69330,PUSIGNAN,861253.3006183396,6520185.750863731
46.73A,MARAVAL ENERGIE,"",80,CHEMIN,DE L’HERSE,69510,THURINS,826872.3512354923,6509820.201812814
46.73A,DESIGN STREET,"",17,RUE,DU 11 NOVEMBRE 1918,69320,FEYZIN,844053.3175205864,6509420.001939917
46.73A,SARL B C D,"","","",Z A  LES HAIES,69480,MORANCE,0,0
46.73A,LSC BOIS,SAINT-DIDIER-SOUS-RIVERIE,439,RTE,DE LA SAULEE,69440,CHABANIERE,0,0
46.73A,B.S.G OUVERTURES,"",226,RUE,DU GENERAL DE GAULLE,69530,BRIGNAIS,836411.2277528017,6508769.890752302
46.73A,ARTELI SGL,"",119,ROUTE,DE BRIGNAIS,69230,SAINT-GENIS-LAVAL,837773.5616430868,6513832.498784395
46.73A,M.D.S.,"","","",CHEZ BONTEMPS,69620,TERNAND,0,0
46.73A,FABRICATION BOIS CONCEPT,"",4,RUE,MARCEL DASSAULT,69740,GENAS,854350.0399566126,6516130.411774111
46.73A,SOLEGNO,LIEUDIT BEAUVERSANT,303,ROUTE,DE BRIGNAIS,69230,SAINT-GENIS-LAVAL,837487.7240071909,6512104.479404757
46.73A,RENOV'ROUTE,"",6,ALLEE,DU RUISSEAU DE RIBBES,69160,TASSIN-LA-DEMI-LUNE,835274.4098768465,6520297.553574604
46.73A,MATERIEL ET MATERIAUX,"",3000,ROUTE,DE RAVEL,69440,MORNANT,833084.6738284411,6503670.143896047
46.73A,TENDANCE MENUISERIES,"",45,RUE,D’ALMA,69400,VILLEFRANCHE-SUR-SAONE,832925.6903357889,6544324.846879296
46.73A,XSTONE FRANCE,"",181,RUE,DES VERNAILLES,69830,SAINT-GEORGES-DE-RENEINS,832995.6116377052,6552231.256820048
46.73A,ARCHITECTURAL CONCEPT,"",51,CHEMIN,DU MOULIN CARRON,69570,DARDILLY,837184.9635654461,6524220.168976908
46.73A,LOGIBIO,"",18,RUE,DES ROSIERISTES,69410,CHAMPAGNE-AU-MONT-D'OR,838337.900182471,6524122.109440861
46.73A,CTC RHONE ALPES,"",27,AVENUE,PABLO PICASSO,69120,VAULX-EN-VELIN,849073.1486465835,6521274.712824535
46.73A,INTERNATIONAL NEGOCIATION CARRELAGE,"",7,RUE,CONSTANTINE,69001,LYON,842337.434779028,6520248.185284767
46.73A,MD PALETTES,"",140,ROUTE,DE VOURLES,69230,SAINT-GENIS-LAVAL,839225.0579700568,6510477.185576954
46.73A,CONCEPT WORLD,"",146,RUE,DES QUATRE CHEMINS,69390,MILLERY,0,0
46.73A,SOC DIFFUSION MENUISERIES ARTISANALES,ANGLE 23 RUE DU PROGRES,12,RUE,DES PIVERTS,69800,SAINT-PRIEST,852474.0042335752,6515091.542156977
46.73A,CLARISTYLE,WEST PARK,21,RUE,DE L’INDUSTRIE,69530,BRIGNAIS,838025.688545445,6509706.008365332
46.73A,INVEST HOME ECO,"",11,RUE,DES AULNES,69410,CHAMPAGNE-AU-MONT-D'OR,838071.438037522,6524293.940443602
46.73A,HABITAT MULTI SERVICES,"",18,RUE,DE GENEVE,69006,LYON,844623.1723566726,6520757.740465417
46.73A,ETABLISSEMENTS PAUL PIRET,"",27,RUE,DES MARRONNIERS,69480,ANSE,833371.9297765527,6539001.66386984
46.73A,TECOBAIE LB,ZA DE TAFFIGNON,"",ROUTE,DES AQUEDUCS,69630,CHAPONOST,837501.7906810674,6515192.346303758
46.73A,ETABLISSEMENT LOUIS GENTY,"",183,RUE,CLAUDE TERRASSE,69210,L'ARBRESLE,825434.7368653264,6527270.088731011
46.73A,ELIGO BOIS,"",27,RUE,DU CHAPITRE,69126,BRINDAS,832182.8252629297,6514625.016497508
46.73A,BAPTISTAL PERE ET FILS,LES RAISSES,"",LD,LE CIMETIERE,69910,VILLIE-MORGON,0,0
46.73A,DIDIER DAGUE,"",56,ALLEE,DES ECUREUILS,69620,FRONTENAS,827900.372053179,6537689.198852831
46.73A,LES MAITRES CARRIERS LTD,"","",ROUTE,DEPARTEMENTALE 2,69700,GIVORS,835052.3705711957,6500209.3750589825
46.73A,BMVA,"",66,AVENUE,DU 8 MAI 1945,69120,VAULX-EN-VELIN,848349.7098698879,6522787.568014862
46.73A,SARL ALLIANCE VERANDA ET FERMETURE,"",16,RUE,DES AQUEDUCS,69290,CRAPONNE,835320.1054010048,6518108.66169839
46.73A,ABEMCO,ZA LA NOYERAIE,47,IMPASSE,DES PEUPLIERS,69490,SARCEY,819443.1954788925,6532213.690762087
46.73A,LUMINA MENUISERIE,PARC D'ARIANE 3,151,IMPASSE,DE LA BALME,69800,SAINT-PRIEST,854517.1249119571,6513704.046978123
46.73A,BATI DIFFUSION,"",94,RUE,AMBROISE PARE,69800,SAINT-PRIEST,853874.7161375412,6514076.27577312
46.73A,DS DISTRIBUTION,"",12,AV,DES SAULES,69310,OULLINS-PIERRE-BENITE,0,0
46.73A,COLOMB BOIS,"","","",LES GIERES,69430,DEUX-GROSNES,0,0
46.73A,MONTAGNY,"","","",984 RN 6,69760,LIMONEST,0,0
46.73A,MONTS RENOV,ETAGE 0,1,RUE,DES ABATTOIRS,69850,SAINT-MARTIN-EN-HAUT,821439.9844278393,6507860.201915702
46.73A,SKYWOOD,G2C BUSINESS CENTER,63,RUE,ANDRE BOLLIER,69007,LYON,842439.2512170745,6516650.752864149
46.73A,P&M DISTRIBUTION,D312,33,ROUTE,DE GIVORS,69360,TERNAY,841105.6974506357,6503365.246276572
46.73A,GB IMPEX,ZA DE LA RONZE,15,CHEMIN,DES EGLANTIERS,69440,TALUYERS,834958.7984247115,6505440.244547155
46.73A,MONTAGNY,"",157,ROUTE,DE GRENOBLE,69800,SAINT-PRIEST,853595.9934158893,6514335.571659103
46.73A,ONE SHOT,"",39,AVENUE,SIDOINE APOLLINAIRE,69009,LYON,839563.2133029524,6520779.727322876
46.73A,LA PLATEFORME,"",192,AVENUE,FRANCIS DE PRESSENSE,69200,VENISSIEUX,845778.6421379787,6514300.105772834
46.73A,M.F.E,"",161,AVENUE,FRANKLIN ROOSEVELT,69150,DECINES-CHARPIEU,850392.007408279,6518798.957560711
46.73A,DOMODULIS,"",238,CHEMIN,DE CONZY,69380,CHATILLON,827212.2551542252,6531560.210743443
46.73A,BAIE ATTITUDE,"",257,"",GARE LA GUILLOTIERE,69007,LYON 7EME,0,0
46.73A,PHV MAT,ZA DE LA GRANGE THIVAL,61,RUE,DU RUISSEAU,69930,SAINT-LAURENT-DE-CHAMOUSSET,813454.5259871925,6516195.523011691
46.73A,MONTAGNY,LIEU DIT  AU MOIRE,"",ROUTE,DE LOZANNE,69210,SAINT-GERMAIN-NUELLES,826524.1569617359,6528074.667949744
46.73A,BATISIMAT,"",16,RUE,MARCEL PAUL,69700,GIVORS,838137.7865325562,6499723.775499714
46.73A,M.A.V.I,ZA DES PLAINES - SAINT LAURENT D'OINGT,130,ROUTE,DES PLAINES,69620,VAL D'OINGT,820819.85,6537413.54
46.73A,EXLL-EXPORT LOGS & LUMBERS,"",2,PLACE,SAINT JEAN,69005,LYON,841961.6717225385,6519520.677166286
46.73A,SECURIBAT RHONE ALPES,"",11,AVENUE,DE LA REPUBLIQUE,69200,VENISSIEUX,845125.6016949139,6513746.223780449
46.73A,CERAKASA,"",2,CHEMIN,DU GENIE,69200,VENISSIEUX,844817.0525406802,6514649.258048379
46.73A,OVALTECH,"",146,RUE,THIMONNIER,69730,GENAY,841150.9466795493,6533815.852585879
46.73A,AGENCE COMMERCIALE GEORGES SUDON,"",12,CHEMIN,DES LAIES,69540,IRIGNY,841797.7250342972,6510529.679482211
46.73A,CASA-NOVA MATERIAUX,"",16,RUE,DU BOIS BARON,69220,BELLEVILLE-EN-BEAUJOLAIS,0,0
46.73A,FAURE,"",205,AVENUE,ROGER SALENGRO,69100,VILLEURBANNE,846687.4325711124,6522037.21156139
46.73A,ESPACE MENUISERIE,"",1525,ROUTE,DE FRANS,69400,VILLEFRANCHE-SUR-SAONE,834726.8708122858,6544186.232687577
46.73A,CHAUSSON MATERIAUX,ZAC CANTUBAS,1,RUE,JOSEPH KESSEL,69170,TARARE,810464.9805782274,6535935.7613063175
46.73A,ROOFMART CENTRE EST,ZAC DES CORBEGES,"",RUE,DE LA VANOISE,69960,CORBAS,850254.0523256413,6511045.777886412
46.73A,LCVS,"",15,RUE,DES FONTAINES,69550,AMPLEPUIS,803359.3938568056,6542051.434595134
46.73A,LYONNAISE DES SOLS,"",15,RUE,DES MARRONNIERS,69960,CORBAS,847487.4292794624,6508928.148016395
46.73A,CHAUSSON MATERIAUX,"",35,RUE,ROGER SALENGRO,69740,GENAS,853655.9696090004,6515425.047128377
46.73A,SITES,"",705,RUE,DE LA COMBE,69400,PORTE DES PIERRES DOREES,829605.3758127297,6543131.4468851285
46.73A,JCVI,"",37,RUE,DE BATAILLY,69380,CHAZAY-D'AZERGUES,831729.7492875238,6531813.556711034
46.73A,CHAUSSON MATERIAUX,"",41,RUE,AMBROISE PARE,69740,GENAS,853533.0359457115,6515247.456192333
46.73A,HADES DISTRIBUTION,"",254,RUE,VENDOME,69003,LYON,843572.0013307976,6519197.130395543
46.73A,NGR DIFFUSION,"",36,RUE,FELIX BRUN,69007,LYON,842449.27354604,6517036.769299743
46.73A,GLOBAL PROBAT,"",65,AVENUE,DU PROGRES,69680,CHASSIEU,852744.4954067788,6516604.693997656
46.73A,OUVERTURES SUR MESURE.FR,"",56,RUE,DES BIENVENUS,69100,VILLEURBANNE,846417.8666109578,6521243.863241351
46.73A,STYLUS DECOR PLUS,"",128,AVENUE,THIERS,69006,LYON,844653.3157769677,6520775.002304672
46.73A,DM DISTRIBUTION,32-34,32,AVENUE,DES FRERES MONTGOLFIER,69680,CHASSIEU,853365.6752294573,6515739.160453881
46.73A,GREENCOTTAGES,"",76,BOULEVARD,DU 11 NOVEMBRE 1918,69100,VILLEURBANNE,845119.0787198602,6521604.453052352
46.73A,ARPA FRANCE,"",6,ALLEE,IRENE JOLIOT CURIE,69800,SAINT-PRIEST,850422.8670478264,6514837.557985274
46.73A,MONEGOCE,"",254,RUE,VENDOME,69003,LYON,843572.0013307976,6519197.130395543
46.73A,LA PLATEFORME,"",23,RUE,MARIUS GROSSO,69120,VAULX-EN-VELIN,850462.0261825876,6520059.813572196
46.73A,PIERRACERAM,"",3,ALLEE,DU CHAZEAU,69510,MESSIMY,832018.3660510569,6513212.025160991
46.73A,ETS A BERNOUX,"",14,RUE,FULGENCIO GIMENEZ,69120,VAULX-EN-VELIN,849429.3884632807,6518727.56553515
46.73A,MALERBA DISTRIBUTION RHONE ALPES,"",27,RUE,DE L’INDUSTRIE,69530,BRIGNAIS,838166.6888059662,6509721.062098655
46.73A,ENERGIE GROUP FRANCE,"",44,ROUTE,DE GENAS,69003,LYON,846106.6151819511,6518975.473178575
46.73A,SARL  ROLLAND EMBALLAGES,"",12,AVENUE,DE MONTMARTIN,69960,CORBAS,849605.4849551471,6509944.325379466
46.73A,APTI-BAT,"",99,MTE,DE CHOULANS,69005,LYON 5EME,0,0
46.73A,6 D SOLUTIONS,"",17,PLACE,XAVIER RICARD,69110,SAINTE-FOY-LES-LYON,840435.5088848945,6516805.420929438
46.73A,ROCHE EXPLOITATION MATERIAUX,"","","",ZONE PORTUAIRE,69360,SEREZIN-DU-RHONE,0,0
46.73A,AMINCO,"",189,RUE,LEON BLUM,69100,VILLEURBANNE,848270.9479996144,6519727.543254457
46.73A,ALLIANCE BOIS,"",58,ROUTE,DE PARIS,69160,TASSIN-LA-DEMI-LUNE,836989.7755172901,6520122.899450426
46.73A,GERKEN,Z.A.C. DE L ORME,3,CHEMIN,DU CAMPING,69420,CONDRIEU,838512.2275985935,6486437.210138223
46.73A,ADB DECORATION,ZAC DES GRILLONS,111,RUE,DE L’ANCIENNE DISTILLERIE,69400,GLEIZE,831779.6961189859,6545668.153317488
46.73A,FGC,G2C BUSINESS CENTER,63,RUE,ANDRE BOLLIER,69007,LYON,842439.2512170745,6516650.752864149
46.73A,JTM PARQUET,"",36,CHEMIN,DE REVAISON,69800,ST PRIEST,0,0
46.73A,LCDM CONSEIL & DISTRIBUTION,"",65,RUE,DE L'EGALITE,69150,DECINES-CHARPIEU,852834.3276327461,6520509.0241244435
46.73A,GEOMAT,"",28,RUE,DES COMBATTANTS EN AFN,69720,SAINT-LAURENT-DE-MURE,0,0
46.73A,DERBIGUM FRANCE,KORNER 2   IMMEUBLE B,13,RUE,PIERRE GILLES DE GENNES,69007,LYON,843416.7746514679,6515449.839835993
46.73A,AGV FERMETURES,"",444,RUE,DES JONCHERES,69730,GENAY,841285.3782803104,6534820.4501905115
46.73A,[ND],[ND],[ND],[ND],[ND],[ND],MESSIMY,[ND],[ND]
46.73A,ZIP-CLIP,ZONE D'EPINAY,192,RUE,DE LA CHAPELLE,69400,GLEIZE,832194.4735359508,6546301.695762534
46.73A,CARRODRIVE,"",15,RUE,JEAN CORONA,69120,VAULX-EN-VELIN,848313.5379615054,6521728.403829558
46.73A,NATURAMAT,"",181,RUE,DES VERNAILLES,69830,SAINT-GEORGES-DE-RENEINS,832995.6116377052,6552231.256820048
46.73A,EXORS,"",324,"",ROUTE DE LA MITONNIERE,69670,VAUGNERAY,0,0
46.73A,ARKTIC,"",160,RUE,HELENE BOUCHER,69140,RILLIEUX-LA-PAPE,847997.4164750137,6527033.088766887
46.73A,2 MC MENUISERIES,LA BUISSONIERE,638,ROUTE,DE VILLEFRANCHE,69480,ANSE,832901.988299703,6539561.035318148
46.73A,ARMONY,"",62,COURS,TOLSTOI,69100,VILLEURBANNE,845761.9800266324,6519921.58436323
46.73A,ILIOS,"",6,RUE,CHAMPOLLION,69150,DECINES-CHARPIEU,851767.6635852754,6520707.491397388
46.73A,PANTHERGROUPE FRANCE,"",57,AVENUE,DE LA REPUBLIQUE,69200,VENISSIEUX,845862.48,6513620.61
46.73A,CERAMIC & BAIN,"",14,RUE,DOUAUMONT,69100,VILLEURBANNE,847543.0900679628,6522023.521232372
46.73A,LIEVEL DEVELOPPEMENT,"",13,RUE,JEAN ZAY,69800,SAINT-PRIEST,848660.4985630678,6513742.455812511
46.73A,FRANS BONHOMME,"",161,IMPASSE,DE LA CHARTONNIERE,69400,ARNAS,833162.5895343376,6546926.867326063
46.73A,K E L Y DISTRIBUTION,"",24,RUE,DOMER,69007,LYON,843687.5802475861,6518089.689001764
46.73A,LEMTRADE,"",5,RUE,GORGE DE LOUP,69009,LYON,840224.2867267679,6520530.209905268
46.73A,STAR PORTES,"",18,RUE,DE L'AGRICULTURE,69960,CORBAS,848160.4951564086,6509627.833389428
46.73A,SAS BADOSA MATERIAUX,"",10,CHEMIN,DES PLATES,69120,VAULX-EN-VELIN,848933.9799478804,6521992.930565448
46.73A,G-H,"",8,RUE,COLONEL SEBBANE,69310,OULLINS-PIERRE-BENITE,0,0
46.73A,THERMO-BATI CONSEIL,"",288,RTE,DEPARTEMENTALE 386,69560,SAINT-ROMAIN-EN-GAL,0,0
46.73A,COLORE DIEM,"",13,RUE,ROYALE,69001,LYON,842774.2963803759,6520771.307169488
46.73A,SERF SOCIETE NOUVELLE,"",1139,CHEMIN,DES GRANDS MOULINS,69400,GLEIZE,831267.5908039951,6543989.212835602
46.73A,ARSENERGY,"",4,ALLEE,DE LA COMBE,69380,LISSIEU,835058.6151473952,6528229.179132838
46.73A,LABEX GMBH,MR MERZ ALOYSIUS,13,RUE,SAINT GEORGES,69005,LYON,841885.2123432338,6519313.520836981
46.73A,CALAD BOIS,ZA D EPINAY,715,RUE,DE LA FARNIERE,69400,GLEIZE,832254.9755774777,6546653.451273664
46.73A,AEP,4 RESIDENCE LES EPINETTES,4,RES,DES EPINETTES,69580,SATHONAY-VILLAGE,0,0
46.73A,SOCIETE DE PRODUCTION D'ECO MATERIAUX - SO.PRO.D'EM,"",197,"",ANCIEN CANAL DE LA MADELEINE,69440,CHABANIERE,0,0
46.73A,ART CERAME CE,"",5,RUE,JACQUARD,69680,CHASSIEU,853011.5789073333,6516501.037204584
46.73A,ELZINC FRANCE,"",15,RUE,JULES VALLES,69100,VILLEURBANNE,844894.8003434881,6520605.636200228
46.73A,MC BAT,"",50,RUE,FRANKLIN,69002,LYON,842351.936487901,6518560.539185057
46.73A,ATELIER D'OUTILS,"",33,RUE,DE LA REPUBLIQUE,69002,LYON,842686.0861748456,6519801.074500248
46.73A,CALADE PARQUET,"",118,RUE,DES PEPINIERES,69400,ARNAS,833447.6241328521,6547664.8620359395
46.73A,VARO,"",76,RUE,PIERRE BOUVIER,69270,FONTAINES-SUR-SAONE,843724.046656613,6527586.7611404
46.73A,LAURENT JACON,"",33,RUE,DE LA REPUBLIQUE,69002,LYON,842686.0861748456,6519801.074500248
46.73A,GENERALE PALETTE,"",24,CHE,DE LA FOUILLOUSE,69780,SAINT-PIERRE-DE-CHANDIEU,0,0
46.73A,G69,ACTIPARK DE LA RICHASSIERE,662,RUE,DES JONCHERES,69730,GENAY,841178.1189276947,6534773.321170515
46.73A,COMAP,"",94,COURS,RICHARD VITTON,69003,LYON,847430.6066917551,6518802.079821681
46.73A,ITEX MATERIAUX,"",36,RUE,LOUIS SAILLANT,69120,VAULX-EN-VELIN,850950.9367982636,6521824.845231168
46.73A,MAISONCLIC,"",547,RUE,DES VELOUTIERS,69530,ORLIENAS,833574.5517933554,6507832.300844502
46.73A,MON SOL EN PIERRE,"",45,IMPASSE,DES SAILLANTS,69380,CHESSY,825659.571491465,6533104.513053992
46.73A,USIDIS,"",20,IMPASSE,DE LA BALME,69800,SAINT-PRIEST,854613.4985014364,6513700.251448203
46.73A,SAMPLES ROOM,"",5,RUE,HECTOR BERLIOZ,69740,GENAS,856404.2045355713,6517380.583348797
46.73A,J. P BEURIER,ZAC D'EPINAY,836,RUE,DE LA FARNIERE,69400,GLEIZE,832105.2310840532,6546577.011924655
46.73A,VESUVIUS EUROPE,"",41,BOULEVARD,MARCEL SEMBAT,69200,VENISSIEUX,846344.0269896549,6514612.3649389725
46.73A,SOCIETE FORESTIERE BEAUJOLAISE,"","","",LE PONT DE VERY,69870,CLAVEISOLLES,0,0
46.73A,GBE MENUISERIE & FERMETURE,"",92,RUE,HIPPOLYTE KAHN,69100,VILLEURBANNE,845778.0429182533,6520286.093251943
46.73A,LA SOLUTION D'INTERIEURE,"",320,AVENUE,BERTHELOT,69008,LYON,845096.2558929853,6517022.562855256
46.73A,PROSIREF,"","","",ZAC DES CERISIERS,69380,LOZANNE,0,0
46.73A,BC GROUPE SARL,"",40,RUE,DE BRUXELLES,69100,VILLEURBANNE,845411.5643868294,6521453.532266806
46.73A,FMI,"",2,CHEMIN,DU BOIS BROUILLAT,69290,GREZIEU-LA-VARENNE,831649.6967696237,6517095.458757105
46.73A,ETABLISSEMENTS BONNEPART,"","","",Z I  LA PONCHONNIERE,69210,SAVIGNY,0,0
46.73A,CHALETS TENDILLE,"",9,RTE,NATIONALE 6,69570,DARDILLY,0,0
46.73A,BSM NEGOCE,"",88,RUE,DE VERDUN,69100,VILLEURBANNE,847529.1634837987,6521691.270730909
46.73A,ARCATURES,ZI LYON NORD,146,RUE,THIMONNIER,69730,GENAY,841150.9466795493,6533815.852585879
46.73A,MATERIAUX ET AGGLOMERES DU RHONE ET DE L'AIN-MARA,"",22,AVENUE,DU BOUTAREY,69580,SATHONAY-CAMP,845758.8039893608,6526763.383870828
46.73A,L&L SERVICES,"",1,IMPASSE,DU BACO,69800,SAINT-PRIEST,848038.3017516856,6512652.694779112
46.73A,EUROPA TRANSIT,"",12,CHEMIN,MAURICE FERREOL,69120,VAULX-EN-VELIN,848879.3133900808,6522608.782856678
46.73A,PBM DISTRIBUTION,BATIMENT CEDRE 2,97,ALLEE,ALEXANDRE BORODINE,69800,SAINT-PRIEST,850450.7631369395,6514254.714704251
46.73A,F BERNARD SA,"",45,RUE,FRANCOIS MERMET,69160,TASSIN-LA-DEMI-LUNE,837330.3535475583,6519216.33604631
46.73A,BRT EURL,"",14,CHEMIN,DE PUTET,69230,SAINT-GENIS-LAVAL,839368.9973220831,6512685.27328169
46.73A,F BERNARD SA,"",12,RUE,DE LA CHARITE,69002,LYON,842452.2327201582,6518943.207037636
46.73A,ECO RENOV EL,"",13,RUE,DES EMERAUDES,69006,LYON,844614.3382271267,6520568.582376231
46.73A,DOMELEZIA,"",45,COURS,ARISTIDE BRIAND,69300,CALUIRE-ET-CUIRE,843515.7650535041,6522321.527430261
46.73A,ARC MODULAIRE,"",41,RUE,MARYSE BASTIE,69008,LYON,845723.1734057289,6517180.82036806
46.73A,VILVERT MATERIAUX,PRE CHENAVAY,"","",,69610,SAINTE FOY L'ARGENTIERE,0,0
46.73A,CODA CORP,"",12,RUE,DE LA PART-DIEU,69003,LYON,843163.7591815542,6519391.537285264
46.73A,LOGISTIQUE PALETTES,"",9,RUE,JACQUES MONOD,69680,CHASSIEU,852464.9765104839,6516692.612467292
46.73A,RESO LPI,ZI ARNAS NORD,27,IMP,GRANGE MORIN,69400,ARNAS,0,0
46.73A,[ND],[ND],[ND],[ND],[ND],[ND],RILLIEUX-LA-PAPE,[ND],[ND]
46.73A,CIFFREO & BONA,ZI PARC D ACTIVITES ACTI NORD,"",RUE,AMPERE,69730,GENAY,841219.7543436665,6534249.429169423
46.73A,P. BILLAT,"",160,AVENUE,MARCEL CACHIN,69120,VAULX-EN-VELIN,850609.4625523284,6522234.016612509
46.73A,AGENCE CUESTA,BATIMENT I,4,PLACE,DES VERGERS,69530,BRIGNAIS,836881.4069018862,6509644.315813426
46.73A,ARTICOP,"",19,AVENUE,DE MONTMARTIN,69960,CORBAS,849634.0629997514,6510520.104899893
46.73A,BOURG MATERIAUX,"",414,AVENUE,DE LA PLAGE,69400,VILLEFRANCHE-SUR-SAONE,835336.408463369,6543844.696503466
46.73A,TENHU,"",36,AVENUE,GAMBETTA,69250,NEUVILLE-SUR-SAONE,842971.4383755154,6531512.853232253
46.73A,TOUTES LES PORTES T.L.P,"",30,RUE,PAUL ET MARC BARBEZAT,69150,DECINES-CHARPIEU,850763.5945057697,6519510.017270764
46.73A,"MB ""PARINATUS""","",254,RUE,VENDOME,69003,LYON,843572.0013307976,6519197.130395543
46.73A,ESPRIT BAIES,"",1,RUE,DE L’AIGUE,69780,SAINT-PIERRE-DE-CHANDIEU,856315.3962484901,6508769.062097908
46.73A,ISOFULL,LA TOUR,15,AVENUE,GEORGES ROUGE,69120,VAULX-EN-VELIN,849196.8513690614,6522471.7574930675
46.73A,COBOIS SARL,"",24,AVENUE,EDOUARD AYNARD,69130,ECULLY,838226.1542563601,6521327.177469104
46.73A,MARAZZI FRANCE TRADING,113-117,113,AVENUE,JEAN JAURES,69007,LYON,843101.3993826942,6517570.685793601
46.73A,KRANNICH SOLAR,"",12,RUE,DU BOIS BARON,69220,BELLEVILLE-EN-BEAUJOLAIS,0,0
46.73A,MAXS IMPORT,"",49,RUE,AUDIBERT ET LAVIROTTE,69008,LYON,844513.2876098285,6517015.0316590015
46.73A,[ND],[ND],[ND],[ND],[ND],[ND],LYON,[ND],[ND]
46.73A,EXCEL MENUISERIES,"",27,RUE,MAURICE FLANDIN,69003,LYON,844826.4431133934,6519608.729785761
46.73A,MDA CONSTRUCTION,"",3,ALLEE,JOSEPH MUNTZ,69200,VENISSIEUX,0,0
46.73A,BM DIFFUSION,"",34,PLACE,DES MAISONS NEUVES,69100,VILLEURBANNE,845911.8505181683,6519095.473420032
46.73A,FENETRES IMMOBILIER ISOLATION CONFORT,"",7,RUE,DES AULNES,69410,CHAMPAGNE-AU-MONT-D'OR,838091.3593196332,6524247.624923659
46.73A,LIM CONSTRUCTION,"",17,RUE,DE LA FRATERNELLE,69009,LYON,840178.39,6520388.87
46.73A,DISTRIBUTION MATERIAUX BOIS PANNEAUX - D.M.B.P.,PARC D'ACTIVITES CHAMP DOLIN,"",RUE,CHAMP DOLIN,69800,SAINT-PRIEST,852935.5304678259,6514178.454370315
46.73A,RD NEGOCE,ETAGE 1,71,RUE,DE LA SOUS-PREFECTURE,69400,VILLEFRANCHE-SUR-SAONE,832947.1,6544685.98
46.73A,IPT FRANCE,"",4,RUE,DES LAZARISTES,69440,MORNANT,830455.7869369303,6503244.7264863085
46.73A,SOCIETE DE DIFFUSION J.AMET,"",16,RUE,DES CERISIERS,69160,TASSIN-LA-DEMI-LUNE,837714.4833569434,6519561.180276504
46.73A,PHV MAT,ZA DU PETIT PONT,873,AVENUE,DES HAUTS DU LYONNAIS,69850,SAINT-MARTIN-EN-HAUT,820964.2430381962,6507599.353248882
46.73A,THOMAS SOGRAMA MATERIAUX,"","",LD,LES CHANTIERES,69440,CHABANIERE,0,0
46.73A,COFORET,"",1227,RUE,CENTRALE,69870,LAMURE-SUR-AZERGUES,815286.8929148607,6551926.61167605
46.73A,PLATTARD CARRELAGES,VILLEFRANCHE SUR SAONE,"",AVENUE,DE L’EUROPE,69400,VILLEFRANCHE-SUR-SAONE,834868.1537088276,6544966.668498964
46.73A,PLATTARD CARRELAGES,"",46,AVENUE,MARECHAL DE SAXE,69006,LYON,843350.8687860058,6520028.956905506
46.73A,PLATTARD CARRELAGES,"",118,RUE,PASTEUR,69780,TOUSSIEU,853437.896698083,6509533.372620316
46.73A,PLATTARD CARRELAGES,LIEUDIT BEAUVERSANT - RD 42,"",ROUTE,DE BRIGNAIS,69230,SAINT-GENIS-LAVAL,837602.7073002381,6513511.204612396
46.73A,PLATTARD CARRELAGES,"",676,ROUTE,DE LYON,69380,LOZANNE,831041.3894423695,6529843.631591125
46.73A,CUPA PIERRES DISTRIBUTION,"",8,IMPASSE,LOUIS DE BROGLIE,69740,GENAS,853811.3005209528,6515793.742338638
46.73A,OLLIER BOIS,"","","",REBE,69550,AMPLEPUIS,0,0
46.73A,ETS CHARBONNIER,"","","",LE GRAVIER,69870,SAINT-NIZIER-D AZERGUES,0,0
46.73A,LEVIAT,LOTISSEMENT LES TACHES,"",RUE,DU LUXEMBOURG,69330,MEYZIEU,857510.8957324766,6519755.604902114
46.73A,MAURIS BOIS,"",4,IMPASSE,LIONEL TERRAY,69330,MEYZIEU,856869.4024284325,6520950.575780818
46.73A,HORMANN FRANCE SA,SYNTHEX PARC,165,RUE,HELENE BOUCHER,69330,PUSIGNAN,862115.223489086,6520235.237378567
46.73A,GAM,PONT TRAMBOUZE,15,LD,RAMBERTON,69240,COURS,0,0
46.73A,PLATTARD NEGOCE,"",414,AVENUE,DE LA PLAGE,69400,VILLEFRANCHE-SUR-SAONE,835336.408463369,6543844.696503466
46.73A,EURO-CEM FRANCE,"",15,RUE,CARNOT,69190,SAINT-FONS,844431.79,6513772.64
46.73A,PERUGINO SERVICES,"",64,RUE,WALDECK ROUSSEAU,69006,LYON,844407.79,6520020.08
46.73A,AU COEUR DE LA FENETRE,"",537,AVENUE,JOSEPH BALLOFFET,69400,VILLEFRANCHE-SUR-SAONE,832211.4223381269,6545332.365826281
46.73A,PLATTARD NEGOCE,"",40,RUE,GABRIEL VOISIN,69400,VILLEFRANCHE-SUR-SAONE,834767.1952420305,6543460.1206270335
46.73A,PLATTARD NEGOCE,SAINT LAURENT D OINGT VAL D OINGT,"","",ZA LES PLAINES,69620,VAL D'OINGT,0,0
46.73A,PLATTARD NEGOCE,BELLEVILLE,111,"",GRANGE BERCHET,69220,BELLEVILLE-EN-BEAUJOLAIS,0,0
46.73A,SAGRA,"",1685,AVENUE,DU FOREZ,69590,SAINT-SYMPHORIEN-SUR-COISE,812309.7500435691,6504458.15052928
46.73A,INSTALLUX SA,"","",CHEMIN,DU BOIS ROND,69720,SAINT-BONNET-DE-MURE,857550.1737075362,6513282.983841155
46.73A,SHOWROOM BEAULIEU,"",122,ROUTE,DE GRENOBLE,69800,SAINT-PRIEST,853889.52,6514221.5
46.73A,DISTRIBUTION AMENAGEMENT ET ISOLATION,ZAC DU CHAMPS DOLIN,10,RUE,AIME COTTON,69800,SAINT-PRIEST,852732.3656815354,6513929.787943881
46.73A,DISTRIBUTION AMENAGEMENT ET ISOLATION,"",47,CHE,DES SOURCES,69230,SAINT-GENIS-LAVAL,0,0
46.73A,LITT DIFFUSION SA,"","",RUE,DE L’ECOSSAIS,69400,LIMAS,833851.8670404982,6543295.162718473
46.73A,LITT DIFFUSION SA,"",63,CHEMIN,DE GENAS,69800,SAINT-PRIEST,852224.7893627677,6514503.71668864
46.73A,SUNCLEAR,ZAC DES GAULNES,1560,AVENUE,HENRI SCHNEIDER,69330,JONAGE,858251.300460062,6521684.587525121
46.73A,PORCELANOSA FRANCE,RN6,10,AVENUE,GENERAL DE GAULLE,69410,CHAMPAGNE-AU-MONT-D'OR,838584.135699007,6524120.560868009
46.73A,PORCELANOSA FRANCE,"",37,COURS,DE LA LIBERTE,69003,LYON,843210.4059373956,6519441.723611054
46.73A,BMRA,RN6,15,AVENUE,GENERAL DE GAULLE,69410,CHAMPAGNE-AU-MONT-D'OR,838521.207484185,6524154.906306624
46.73A,GREENBAT,"",21,RUE,D'ALGERIE,69001,LYON,842394.14,6520323.7
46.73A,BAMBOO FRANCE,"",16,RUE,DU BOIS BARON,69220,BELLEVILLE-EN-BEAUJOLAIS,0,0
46.73A,GIRARDON MATERIAUX,"",10,ALLEE,IRENE JOLIOT CURIE,69800,SAINT-PRIEST,850453.009699089,6514960.267145102
46.73A,GIRARDON MATERIAUX,ZA DE VERENAY,"",LD,CHAVAILLON ET CHATELON,69420,AMPUIS,0,0
46.73A,GIRARDON MATERIAUX,ZONE D'ACTIVITES DES SABLES,15,ROUTE,DES SABLES,69630,CHAPONOST,837430.0033745588,6513636.9670925215
46.73A,LARIVIERE,"",21,CHEMIN,DES MURIERS,69740,GENAS,854403.7992849024,6514663.759466544
46.73A,BMCE,"","",AVENUE,PAUL KRUGER,69100,VILLEURBANNE,847627.7491545415,6519050.424151377
46.73A,SOCIETE INDUSTRIELLE DE L'OUEST DES PRODUITS ISOLANTS - OUEST ISOL,"",41,BOULEVARD,DES DROITS DE L'HOMME,69120,VAULX-EN-VELIN,850272.2498781348,6519338.7810772965
46.73A,SAMSE,ZONE INDUSTRIELLE,"","",FAVIER,69230,SAINT-GENIS-LAVAL,0,0
46.73A,SAMSE,"",2,AVENUE,GABRIEL PERI,69960,CORBAS,849775.5187804278,6511010.211733674
46.73A,SAMSE,ZI DU MARIAGE - VOIE C,21,RUE,DES BRUYERES,69330,PUSIGNAN,861589.4974761535,6520392.890561675
46.73A,SAMSE,"",46,RUE,LAURE DIEBOLD,69009,LYON,839652.6011679178,6521507.22181403
46.73A,SAMSE,"",31,RUE,CHAMP DOLIN,69800,SAINT-PRIEST,852858.6401623297,6514009.578503273
46.73A,SAMSE,"",64,AVENUE,FRANKLIN ROOSEVELT,69120,VAULX-EN-VELIN,850540.5705175487,6519932.327081209
46.73A,BMRA,"","",LD,LES FAVIERES,69380,LISSIEU,0,0
46.73A,CERAM CENTER,"",4,CHEMIN,DE SACUNY,69530,BRIGNAIS,837773.09,6510299.28
46.73A,ENZA DECO,"",231,ROUTE,NATIONALE 6,69720,SAINT-BONNET-DE-MURE,855610.55,6513422.83
46.73A,APH-INDUSTRIE,"",320,AVENUE,BERTHELOT,69008,LYON,845096.2558929853,6517022.562855256
46.73A,BMRA,ZONE INDUST.NORD,127,RUE,DES PEPINIERES,69400,ARNAS,833424.3020843784,6547634.250695425
46.73A,BMRA,"",10,ROUTE,NATIONALE,69330,PUSIGNAN,859355.8254349494,6519903.444470076
46.73A,BMRA,"",8,AVENUE,MARCELIN BERTHELOT,69520,GRIGNY,839267.0831196925,6501739.00941064
46.73A,BMRA,"",25,BOULEVARD,DES NATIONS,69780,MIONS,850498.0902504275,6510924.336082485
46.73A,BMRA,"",139,AVENUE,PIERRE DUMOND,69290,CRAPONNE,833365.0088082689,6517855.931384998
46.73A,BMRA,ZI LES FAVIERES,"",RTE,DE MARCILLY RD 16,69380,LISSIEU,0,0
46.73A,BMRA,"",109,IMPASSE,DE CHAVANNE,69400,ARNAS,833323.9173294862,6547804.894290028
46.73A,BMRA,"",134,VOIE,ROMAINE,69290,CRAPONNE,834894.8412280945,6518227.594945084
46.73A,BMRA,"",9,QUAI,JULES COURMONT,69002,LYON,842833.9700507526,6519610.345847716
46.73A,BMRA,BP 230,6,RUE,JEAN CORONA,69120,VAULX-EN-VELIN,848258.4757131411,6521462.805856315
46.73A,BMRA,ZA LA PLAGNE,387,ROUTE,DU PRE NEUF,69210,BULLY,820941.0,6530127.06
46.73A,BMRA,ZI DU NORD,"",ROUTE,D’IRIGNY,69530,BRIGNAIS,837578.2924384333,6509717.3041924685
46.73A,BMRA,"",2,RUE,DE LYON,69240,COURS,0,0
46.73A,VERTADIER NEGOCE PORTAIL CLOTURE,"",18,RUE,DE LA FRATERNITE,69740,GENAS,857324.88,6516285.24
46.73A,DISTRIBUTION MATERIAUX BOIS PANNEAUX - D.M.B.P.,PARC D'ACTIVITES-BAT C,"",RUE,CHAMP DOLIN,69800,SAINT-PRIEST,852935.5304678259,6514178.454370315
46.73A,DISTRIBUTION MATERIAUX BOIS PANNEAUX - D.M.B.P.,5-7-ZI SUD,5,BOULEVARD,MONGE,69330,MEYZIEU,857431.006954866,6520590.153595096
46.73A,FRANS BONHOMME,"",130,RUE,DU PAISY,69760,LIMONEST,0,0
46.73A,FRANS BONHOMME,"",35,RUE,AMPERE,69680,CHASSIEU,853625.1112427516,6516334.845421459
46.73A,FRANS BONHOMME,"",25,CHEMIN,DE LA MOUCHE,69230,SAINT-GENIS-LAVAL,841246.8916220795,6512230.746593684
46.73A,FRANS BONHOMME,"",2,RUE,AUGUSTIN FRESNEL,69680,CHASSIEU,853144.8509063467,6515652.333870927
46.73A,ARCHITECTURAL CONCEPT,"",175,RUE,DE SAINT MARC,69440,TALUYERS,834542.2901771432,6505678.934724128
46.73A,BMRA,"",3,RUE,CHRISTIAN DE WETT,69100,VILLEURBANNE,847432.206469784,6519059.164114584
46.73A,BMRA,"",23,AVENUE,SIDOINE APOLLINAIRE,69009,LYON,839518.0683343192,6520884.892449268
46.73A,C B C,PORT DU BEAUJOLAIS,175,RUE,DENIS PAPIN,69400,VILLEFRANCHE-SUR-SAONE,834792.99,6545411.65
46.73A,SODICIL,"",7,RUE,DES MARAICHERS,69120,VAULX-EN-VELIN,848215.1042380554,6522713.886767115
46.73A,BOIS PRODUCTIQUE,"",56,ALLEE,DES ECUREUILS,69620,FRONTENAS,827900.372053179,6537689.198852831
46.73A,DIFFUSION 2000,"",33,BOULEVARD,YVES FARGE,69007,LYON,842581.9704277215,6517542.380081952
46.73B,PPG DISTRIBUTION,"",157,IMPASSE,DE CHAVANNE,69400,ARNAS,833392.3656529055,6547732.300506403
46.73B,PPG DISTRIBUTION,C.D. 42,"","",MONINSABLE,69530,BRIGNAIS,0,0
46.73B,AKZO NOBEL DISTRIBUTION,"",200,RUE,LEON BLUM,69100,VILLEURBANNE,848672.1675558408,6519928.870567029
46.73B,PRO DOUCHE,"",30,RUE,DE LA BAISSE,69100,VILLEURBANNE,847140.9864286276,6519879.963139747
46.73B,AKZO NOBEL DISTRIBUTION,"",9,CHEMIN,DU PLATEAU,69570,DARDILLY,837099.9908937118,6523851.043279804
46.73B,LYON NEGOCE CARRELAGE,"",51,ROUTE,DE LYON,69330,JONS,861746.3186940355,6524469.113121909
46.73B,PPG DISTRIBUTION,"",33,AVENUE,DES FRERES MONTGOLFIER,69680,CHASSIEU,853335.3086854593,6515883.368837161
46.73B,PPG DISTRIBUTION,"",4,RUE,AMBROISE PARE,69800,SAINT-PRIEST,853508.5021315075,6515273.281219903
46.73B,PPG DISTRIBUTION,157-159,159,RUE,ALEXIS PERRONCEL,69100,VILLEURBANNE,846496.9166921364,6521383.93706878
46.73B,AKZO NOBEL DISTRIBUTION,DU 19 AU 21,19,COURS,DE LA LIBERTE,69003,LYON,843207.1784343668,6519433.428286566
46.73B,PPG DISTRIBUTION,"",12,CHEMIN,DES GORGES,69570,DARDILLY,837176.4624853877,6524718.165346099
46.73B,PPG DISTRIBUTION,37 ET,39,RUE,DE GERLAND,69007,LYON,843115.1335621142,6517298.523998123
46.73B,AKZO NOBEL DISTRIBUTION,"",540,RUE,BENOIT MULSANT,69400,VILLEFRANCHE-SUR-SAONE,834516.2843622897,6545545.84480088
46.73B,AKZO NOBEL DISTRIBUTION,"",2,AVENUE,DE L'INDUSTRIE,69960,CORBAS,848792.3208840231,6511615.726380326
46.73B,COULEURS DE TOLLENS,217-219,217,AVENUE,FRANKLIN ROOSEVELT,69150,DECINES-CHARPIEU,850290.8415462904,6518182.627932713
46.73B,COULEURS DE TOLLENS,ZI NORD ANGLE DE L'AVENUE E. HERRIOT,"",RUE,PAUL CLAUDEL,69400,VILLEFRANCHE-SUR-SAONE,833415.7786332668,6543841.3456877535
46.73B,COULEURS DE TOLLENS,"",65,RUE,DU BOURBONNAIS,69009,LYON,839676.7889004188,6520919.384292308
46.73B,ZOLPAN,"",178,AVENUE,FRANCIS DE PRESSENSE,69200,VENISSIEUX,845611.9286078908,6514570.301939999
46.73B,ZOLPAN,"",17,QUAI,JOSEPH GILLET,69004,LYON,840846.8143166831,6520925.918902464
46.73B,ZOLPAN,"",51,AVENUE,LEFEVRE,69120,VAULX-EN-VELIN,848474.6519210868,6521510.579398813
46.73B,ZOLPAN,"","","",PARC DE CHAVANNES EST,69400,ARNAS,0,0
46.73B,PEINTURES MAESTRIA,CA DU CHATEAU DE L ILE,8,RUE,LOUISE MICHEL,69320,FEYZIN,844253.1894447139,6510204.930156651
46.73B,PEINTURES MAESTRIA,"",5,RUE,DES ALPES,69120,VAULX-EN-VELIN,850449.1545775635,6521979.254302434
46.73B,SCP FRANCE,IMMEUBLE LE PARC DU SOLEIL,151,ROUTE,DE GRENOBLE,69800,SAINT-PRIEST,853302.3103852976,6514468.75701929
46.73B,SCP FRANCE,"",4,RUE,GEORGES BESSE,69740,GENAS,855135.6648542963,6514923.706820098
46.73B,LMS SA,"",10,RUE,FULGENCIO GIMENEZ,69120,VAULX-EN-VELIN,849346.8414978927,6518732.332231926
46.73B,CENTRE EST PEINTURES DISTRIBUTION,ZAC DU SANS SOUCI,1111,CHEMIN,DE LA BRUYERE,69760,LIMONEST,837450.6561908148,6525367.117637526
46.73B,CENTRE EST PEINTURES DISTRIBUTION,"",594,BOULEVARD,ALBERT CAMUS,69400,VILLEFRANCHE-SUR-SAONE,833619.8892097772,6543661.417079862
46.73B,CENTRE EST PEINTURES DISTRIBUTION,"",2,RUE,D'YVOURS,69540,IRIGNY,842217.6942760942,6511957.223845988
46.73B,CENTRE EST PEINTURES DISTRIBUTION,"",76,RUE,DE VERDUN,69100,VILLEURBANNE,847500.1112171159,6521797.211567543
46.73B,CREALIS,"",15,ALLEE,DES GINKGOS,69500,BRON,850302.9847753968,6517311.91385038
46.73B,CARROSS,"",16,RUE,DE SERRIERES,69540,IRIGNY,841548.7714977214,6511963.547413693
46.73B,POOLWEB,ZI MI PLAINE,96,AVENUE,DU PROGRES,69680,CHASSIEU,852623.1234217249,6515841.629414757
46.73B,KEIM FRANCE SAS,ZAC LES PORTES DU DAUPHINE,55,CHEMIN,DE MURE,69780,SAINT-PIERRE-DE-CHANDIEU,856436.6248181569,6508973.214598769
46.73B,PEINTURES INDUSTRIE ET BATIMENT,"",231,RUE,DU GENERAL DE GAULLE,69530,BRIGNAIS,836455.6066889676,6508830.191907948
46.73B,PEINTURES INDUSTRIE ET BATIMENT,"",55,AVENUE,PAUL KRUGER,69100,VILLEURBANNE,847526.522716414,6519088.535050178
46.73B,PEINTURES INDUSTRIE ET BATIMENT,"",14,QUAI,ANDRE LASSAGNE,69001,LYON,842809.9889468427,6520620.512569978
46.73B,PEINTURES VALBERT,CELLULE1,369,RUE,BENOIT MULSANT,69400,VILLEFRANCHE-SUR-SAONE,834462.2184898609,6545691.387806027
46.73B,PEINTURES VALBERT,"",8,RUE,PAUL ET MARC BARBEZAT,69150,DECINES-CHARPIEU,850763.5945057697,6519510.017270764
46.73B,PEINTURES VALBERT,"",99,AVENUE,SIDOINE APOLLINAIRE,69009,LYON,839711.7459585334,6520282.028214813
46.73B,TALASSA,ZA DE SACUNY PARK AVENIR,232,AVENUE,MARCEL MERIEUX,69530,BRIGNAIS,837748.833404475,6511148.38226489
46.73B,INTER VERNIS SERVICES,PARC D'ACTIVITE,31,RUE,WILSON,69150,DECINES-CHARPIEU,851054.4392959839,6520307.53620067
46.73B,PROFILTEK FRANCE,CHEZ IN EXTENSO RHONE-ALPES - BP 33,24,CHEMIN,DES VERRIERES,69260,CHARBONNIERES-LES-BAINS,835381.9495447548,6522507.818445303
46.73B,ANG PEINTURE,"",31,RUE,WILSON,69150,DECINES-CHARPIEU,851054.4392959839,6520307.53620067
46.73B,RHONE PIERRES,10 ZAC ST ROMAIN,"",AVENUE,DE LOSSBURG,69480,ANSE,833045.7550759851,6539777.428103148
46.73B,MD2C SOLS DISTRIBUTION,LIEU DIT ZAC DES PIERRES DOREES,294,ALL,DE VIA DOREE BEL AIR,69480,ANSE,0,0
46.73B,RECHERCHE GESTION DEVELOPPEMENTS,"",15,RUE,MAURICE PETIT,69360,SEREZIN-DU-RHONE,842063.498384074,6505145.154400376
46.73B,SEL - O - PUR,"",15,AVENUE,DAMICHON,69290,CRAPONNE,833873.5810388628,6518006.738309531
46.73B,DAVEY WATER PRODUCTS,"",7,RUE,EUGENE HENAFF,69200,VENISSIEUX,847779.9051894159,6511524.974821482
46.73B,CIRKEM,"",75,AVENUE,DU PROGRES,69680,CHASSIEU,852723.6492126771,6516485.758351018
46.73B,CERAMIKA PRESTIGE,"",15,RUE,JEAN CORONA,69120,VAULX-EN-VELIN,848313.5379615054,6521728.403829558
46.73B,DESTOCKPRO,SUPERMARCHE AUX PUCES,"",RUE,TITA COIS,69120,VAULX-EN-VELIN,848014.8321986404,6520852.296813267
46.73B,SARL 4 ANGLES,"",93,IMPASSE,DES GOUTTES,69830,SAINT-GEORGES-DE-RENEINS,833011.8869053249,6551534.048563889
46.73B,ALPES COULEUR DECORATION,ZI LA RIZE,7,RUE,LEONARD DE VINCI,69120,VAULX-EN-VELIN,850081.7404114631,6521782.743451515
46.73B,LUDOVIC PERTOSA DESIGN,"",39,RUE,DE MARSEILLE,69007,LYON,842974.0887686491,6518391.607104907
46.73B,MDW DIFFUSION,"",2,"",VILLAGE,69580,SATHONAY-CAMP,0,0
46.73B,SOCIETE BAT'X SARL,BP 22,10,RUE,PIERRE MENDES FRANCE,69120,VAULX-EN-VELIN,850320.75236441,6521503.5544911865
46.73B,LYON RENOVATEUR,"",23,AVENUE,GENERAL BROSSET,69160,TASSIN-LA-DEMI-LUNE,838237.6976813887,6519110.301277539
46.73B,CERAMIKA DRIVE OUEST,"",13,RUE,DE L’AQUEDUC,69210,LENTILLY,830919.1601628588,6525634.798928246
46.73B,ADAPTA COLOR FRANCE,"",96,BOULEVARD,MARIUS VIVIER-MERLE,69003,LYON,844513.1798166257,6518859.4296478275
46.73B,SHOW ROOM DECO LYON,"",6,RUE,DE GENEVE,69800,SAINT-PRIEST,854826.4858999732,6514229.722742529
46.73B,WATER EXCEPTION,"",10,CHEMIN,DES ECLAPONS,69390,VOURLES,837137.7764128053,6507660.824828668
46.73B,WATER EXCEPTION,"",3,RUE,DES BOUVREUILS,69630,CHAPONOST,835911.2032619077,6512934.701270396
46.73B,CA IMMOBILIER,"",76,ROUTE,DE FLEURIEUX,69380,CHATILLON,829518.0251013607,6529845.889018
46.73B,EQUERRE BUSINESS,PARC DU CHATEAU B03,8,IMPASSE,DU 24 AOUT 1944,69960,CORBAS,848075.1044741299,6511348.460967162
46.73B,CENTRALE DES REVETEMENTS,"",169,CHEMIN,DU GROSSAND,69126,BRINDAS,833145.4604892164,6514998.038192942
46.73B,AL'L FLOR,"",13,RUE,ST GERVAIS,69008,LYON 8EME,0,0
46.73B,WATERBOSS EUROPE,"",24,AVENUE,JOANNES MASSET,69009,LYON,839901.777246777,6520621.374708257
46.73B,COMPTOIR DES PEINTURES DU RHONE,"",33,RUE,ERNEST RENAN,69120,VAULX-EN-VELIN,848123.3031278765,6522396.192955036
46.73B,2BT CONCEPT,5-7,5,RUE,DU TRAITE DE ROME,69780,MIONS,851538.236585212,6510272.724530123
46.73B,URBATEC,"",38,AVENUE,DU 8 MAI 1945,69120,VAULX-EN-VELIN,848076.775362666,6522768.5306526795
46.73B,ESPACE CERAMIC ET DECO,"",98,AVENUE,GENERAL LECLERC,69300,CALUIRE-ET-CUIRE,845057.2484564995,6524710.501741073
46.73B,T.D.A. FRANCE,"",42,ROUTE,DE SAINT-SYMPHORIEN D'OZON,69800,SAINT-PRIEST,849974.0005745399,6511169.349278349
46.73B,AB COLOR DECAPAGE,"",48,RUE,ALEXANDRE DUMAS,69120,VAULX-EN-VELIN,849708.3382535224,6518921.762703781
46.73B,MF COLOR,"",9007,RUE,GABRIEL VOISIN,69220,BELLEVILLE-EN-BEAUJOLAIS,0,0
46.73B,STATION COULEURS,ZA DU CAILLOU,1,RUE,JULES VERNE,69630,CHAPONOST,837262.1199886976,6512596.513150603
46.73B,ARTE DEL BAGNO,"",20,RUE,DES AQUEDUCS,69290,CRAPONNE,835227.6827905688,6518078.6330359075
46.73B,ESPACE CROZET,"",27,RUE,DU PROGRES,69800,SAINT-PRIEST,852349.1892653661,6515038.344708871
46.73B,EUROPEINT DISTRIBUTION,"",61,AVENUE,DES BRUYERES,69150,DECINES-CHARPIEU,850989.4164366152,6519379.71356359
46.73B,FRANCE PLAFONDECOR,"",11,RUE,JEAN ZAY,69800,SAINT-PRIEST,848697.8195023718,6513711.811477722
46.73B,LA MAISON DU CCS,"",23,RUE,DE LA LIBERATION,69270,FONTAINES-SUR-SAONE,844588.8375048517,6527566.782075767
46.73B,GROUPE SC,"",24,ROUTE,D'HEYRIEUX,69780,MIONS,853428.2830293395,6510280.297644673
46.73B,LE COMPTOIR DECO,"",193,CHEMIN,DE LA CROIX DE FER,69400,LIMAS,833184.4480615585,6542776.184320853
46.73B,PIERRE & CERAMIQUE,"",24,ROUTE,D'HEYRIEUX,69780,MIONS,853428.2830293395,6510280.297644673
46.73B,SOLUTION PEINTURE DISTRIBUTION,"",17,RUE,LOUIS SAILLANT,69120,VAULX-EN-VELIN,850707.7927168661,6521474.283008059
46.73B,PMVA,"",33,COURS,FRANKLIN ROOSEVELT,69006,LYON,843593.5021467323,6520520.944062462
46.73B,TASSO DESIGN DISTRICT,"",109,AVENUE,DE LANESSAN,69410,CHAMPAGNE-AU-MONT-D'OR,838962.72,6523620.05
46.73B,EUROCER,"",27,RUE,MAURICE FLANDIN,69003,LYON,844826.44,6519608.73
46.73B,PAINTER LAB,"",105,AVENUE,PAUL MARCELLIN,69120,VAULX-EN-VELIN,850037.5986040557,6521614.037879829
46.73B,EAU CONCEPT DEVELOPPEMENT,PARC D'ACTIVITE D'EPINAY,155,ALLEE,DES CAILLOTIERES,69400,GLEIZE,832331.7679169786,6546549.369491456
46.73B,MY GROUP,APP 16,5,AVENUE,JEAN MERMOZ,69008,LYON,845460.9228545896,6516916.889697925
46.73B,CHUGOKU PAINTS B.V,"",1,RUE,DES GASSES,69450,SAINT-CYR-AU-MONT-D'OR,840703.6361920582,6526130.390911024
46.73B,DECO DESIGN CARRELAGE,"",2,ROUTE,NATIONALE,69330,PUSIGNAN,859146.7381300977,6519885.464682212
46.73B,IC PRO DISTRIBUTION,99 A 103,99,RUE,DE GERLAND,69007,LYON,843050.914050948,6516723.293057037
46.73B,ECO ASSISTANCES,"",237,RUE,FRANCIS DE PRESSENSE,69100,VILLEURBANNE,846948.1,6520671.58
46.73B,BARAKA,"",263,RUE,DU PESSELIN,69380,CHASSELAY,837626.6799516021,6532181.62117258
46.73B,CERAMIKA DRIVE EST,"",15,RUE,JEAN CORONA,69120,VAULX-EN-VELIN,848313.5379615054,6521728.403829558
46.73B,HYDEWA FRANCE,"",5,ROUTE,DE SAINT SORLIN,69440,MORNANT,829943.77,6503689.75
46.73B,CERAMIKA DRIVE SUD,"",15,RUE,JEAN CORONA,69120,VAULX-EN-VELIN,848313.5379615054,6521728.403829558
46.73B,DPCE,"",11,RUE,JEAN HENRI DUNANT,69720,SAINT-BONNET-DE-MURE,858344.8884095006,6512353.838028948
46.73B,DECASTONE,"",158,AVENUE,FRANKLIN ROOSEVELT,69120,VAULX-EN-VELIN,850405.4201665863,6518981.464402259
46.73B,A&J CARRELAGE,"",35,RUE,DE L’INDUSTRIE,69530,BRIGNAIS,838269.8786578539,6509751.819162226
46.73B,LA CULTURA DELLE MATERIA,LIEUDIT LA CHICOTIERE,565,ROUTE,NATIONALE 6,69380,DOMMARTIN,834480.4612233095,6529017.773785224
46.73B,LPO MED,"",4,RUE,DE LA REPUBLIQUE,69001,LYON,842672.7025733468,6520239.532538083
46.73B,SOLMUR DISTRIBUTION,13/14,13,QUAI,ANDRE LASSAGNE,69001,LYON,842809.9976885028,6520640.174085095
46.73B,BERNARD CERAMICS,"",7,PLACE,MARECHAL LYAUTEY,69006,LYON,843185.8109444297,6520538.852502574
46.73B,S2C,"",6,ALLEE,JOANNES COURVOISY,69330,MEYZIEU,855556.0656913265,6521084.5404317025
46.73B,CARRELAGE DU PETIT LYON,"",52,AVENUE,FELIX FAURE,69580,SATHONAY-CAMP,845213.368583018,6526990.483901569
46.73B,B.A.T BATIMENT,"",92,AVENUE,DU DAUPHINE,69360,SEREZIN-DU-RHONE,843030.0112136164,6504921.064149936
46.73B,THEODORE MAISON DE PEINTURE,"",10,RUE,JACQUES TATI,69120,VAULX-EN-VELIN,850050.8345750303,6518672.523717263
46.73B,QRIX,"",8,CHEMIN,DES HAUTES BRUYERES,69130,ECULLY,837025.1523730194,6521236.362367769
46.73B,PIB RHONE,"",17,"",CHANTELOT,69520,GRIGNY,0,0
46.73B,ACANTHE,"",16,ALLEE,DE CHANTEVENT,69370,SAINT-DIDIER-AU-MONT-D'OR,840464.5658086591,6523554.189508088
46.73B,KEY EAST FRANCE,"",62,RUE,DE BONNEL,69003,LYON,843730.4404804292,6519706.148214384
46.73B,CENTRE EST PEINTURES DISTRIBUTION,"",15,BOULEVARD,YVES FARGE,69007,LYON,842660.7594579196,6517682.839785516
46.73B,GLOBAL DISTRI,"",16,RUE,DE SERRIERES,69540,IRIGNY,841548.7714977214,6511963.547413693
46.73B,[ND],[ND],[ND],[ND],[ND],[ND],SOLAIZE,[ND],[ND]
46.73B,VELTECHS,"",4,ALLEE,DES SAPINS,69340,FRANCHEVILLE,837017.9673792517,6517787.436355354
46.73B,PREVALECO,MR CASSABOIS,248,ALLEE,DU BOURG DES VERCHERES,69380,DOMMARTIN,832949.9046328989,6527637.231905468
46.73B,DKO INTERRUPTEUR,CENTRE D'AFFAIRES AG.SEF,92,RUE,HIPPOLYTE KAHN,69100,VILLEURBANNE,845778.0429182533,6520286.093251943
46.73B,I.MAJE,"","","",ZA DE LA RONZE,69440,TALUYERS,0,0
46.73B,DJ CONCEPT,"",62,ALLEE,DES MAGNOLIAS,69250,MONTANAY,844174.699264937,6532735.518114643
46.73B,IMEX FRANCE,"",63,RUE,ANDRE BOLLIER,69007,LYON,842439.2512170745,6516650.752864149
46.73B,ZOLPAN,"",17,RUE,DE GERLAND,69007,LYON,843124.8520929344,6517358.734408182
46.73B,COULEURS DE TOLLENS,"",79,RUE,MAGENTA,69100,VILLEURBANNE,845448.4492473989,6520218.953032967
46.73B,E.R.M,"",148,IMPASSE,DE CHAVANNE,69400,ARNAS,833365.0291857354,6547768.581080523
46.73B,STCF,"",34,RUE,LE BELVEDERE,69270,FONTAINES-SAINT-MARTIN,0,0
46.73B,ASSISTANCE CONSTRUCTION SERVICES,PARC ACTIVITE GORGE DU LOUP,24,AVENUE,JOANNES MASSET,69009,LYON,839901.777246777,6520621.374708257
46.73B,EVOLANCE,"",320,AVENUE,BERTHELOT,69008,LYON,845096.2558929853,6517022.562855256
46.73B,SUN WATER FRANCE,BUREAU 6 - 20 EME ETAGE,129,RUE,SERVIENT,69003,LYON,844088.9707284017,6519612.251075809
46.73B,AQUA NOUVELLES ENERGIES (A.N.R),"",129,RUE,DE LA REPUBLIQUE,69330,MEYZIEU,856192.8311196631,6520406.539033476
46.73B,SM NEGOCE,"",24,RUE,PAUL ET MARC BARBEZAT,69150,DECINES-CHARPIEU,850778.0811287519,6519724.210612293
46.73B,DPIB,ZONE ARTISANALE DES ANDRES,2,RUE,PRE MAGNE,69126,BRINDAS,0,0
46.73B,REALISATIONS ESTHETIQUES ET TECHNIQUES DE L ESPACE CONSTRUIT,"",64,RUE,DU DAUPHINE,69800,SAINT-PRIEST,849100.4990087751,6514487.719303038
46.74A,JL 69,"",78,ROUTE,DE GRENOBLE,69800,SAINT-PRIEST,854521.6407776579,6513935.997775708
46.74A,TRENOIS DECAMPS,"",8,AVENUE,DES FRERES MONTGOLFIER,69680,CHASSIEU,852834.7051131143,6516059.065802511
46.74A,TRENOIS DECAMPS,"",153,RUE,MARCEL MERIEUX,69007,LYON,842277.1114548831,6516981.012941129
46.74A,DISTRICLOS,"",26,RUE,AMPERE,69680,CHASSIEU,853604.6883636825,6516308.451419508
46.74A,DENUZIERE SA,"",63,AVENUE,FRANKLIN ROOSEVELT,69150,DECINES-CHARPIEU,850553.2791941582,6519778.787222055
46.74B,SAUNIER DUVAL EAU CHAUDE CHAUFFAGE,LE MERMOZ,13,RUE,COLONEL CHAMBONNET,69500,BRON,849544.1255701068,6515875.059394902
46.74B,ARISTON FRANCE,BAT. B3,10,ALLEE,IRENE JOLIOT CURIE,69800,SAINT-PRIEST,850453.009699089,6514960.267145102
46.74B,RESEAU SPECIALISTE GENIE CLIMATIQUE,"",7,RUE,DE LA GRANGE ROLLIN,69400,LIMAS,0,0
46.75Z,DIVERSEY (FRANCE) SAS,"",2,CHEMIN,DU GENIE,69200,VENISSIEUX,844817.0525406802,6514649.258048379
46.90Z,'LINEO,ZA EST,17,RUE,LOUIS SAILLANT,69120,VAULX-EN-VELIN,850707.7927168661,6521474.283008059
46.90Z,CENTRE NEGOCE SARL,LIEU-DIT MI PLAINE,94,ROUTE,DE GRENOBLE,69800,SAINT-PRIEST,854211.8201333715,6514074.844420815
46.90Z,CENTRE NEGOCE SARL,ANCIENNE ROUTE DE MACON,69,RTE,NATIONALE 6,69570,DARDILLY,0,0
47.11F,SODICHAP,PARC D'AFFAIRES DE LA VALLEE D OZON,70,AVENUE,DE CHAPONNAY,69970,CHAPONNAY,850252.292603347,6507284.850682461
47.19A,B&M FRANCE SAS,"",139,RTE,NATIONAL 6,69720,SAINT-BONNET-DE-MURE,0,0
47.52A,PP2M,"",22,AVENUE,VICTOR HUGO,69160,TASSIN-LA-DEMI-LUNE,838708.280188053,6520172.284733998
47.52A,EUR'EAU,"",1,RUE,DE LA MANUFACTURE BAVEREY,69540,IRIGNY,0,0
47.52A,RESSOURCE MARCHAND DE COULEURS DECORATION,"",16,RUE,AUGUSTE COMTE,69002,LYON,842354.1390075062,6518958.370420472
47.52A,TOUT POUR L'EAU,RN 6,"","",FAVIERES,69380,LISSIEU,0,0
47.52A,GROUPE WATERAIR,ZAC GRANDES TERRES,"",RUE,ANTOINE PINAY,69740,GENAS,854251.6719215029,6516527.849415338
47.52A,GP - 23,BAT 2 LOT 2B14,1,RUE,DES VERGERS,69760,LIMONEST,837574.3820639437,6524571.349449382
47.52A,FARROW AND BALL LIMITED,"",24,COURS,DE LA LIBERTE,69003,LYON,843172.579239123,6519526.706558527
47.52A,FERMETURE ECON'HOME,ZAC DE CLAPELOUP,1,RUE,DES FRENES,69280,SAINTE-CONSORCE,832453.8303209787,6520470.495531218
47.52A,FERMETURE ECON'HOME,"",209,RUE,DE LA REPUBLIQUE,69400,VILLEFRANCHE-SUR-SAONE,832888.084422416,6544466.0960053215
47.52A,FERMETURE ECON'HOME,"",37,AVENUE,DU 8 MAI 1945,69120,VAULX-EN-VELIN,848063.172589814,6522778.310786827
47.52A,LA DROGUERIE,"",137,BOULEVARD,DE LA CROIX-ROUSSE,69004,LYON,842058.2404471035,6521081.816583618
47.52A,MISTERPISCINES,RN6,1460,ROUTE,D’ANSE,69400,LIMAS,832891.509463927,6542128.563908188
47.52A,MISTERPISCINES,"",21,RUE,DE L’INDUSTRIE,69530,BRIGNAIS,838025.688545445,6509706.008365332
47.52A,TERREAUX BRICOLAGE,"",24,RUE,LANTERNE,69001,LYON,842370.3598933695,6520112.4310520915
47.52A,TERREAUX BRICOLAGE,"",14,RUE,DE LA PLATIERE,69001,LYON,842378.2677148468,6520136.830144728
47.52A,CHUZEVILLE MATERIAUX,ZONE INDUSTRIELLE,"","",LES GRANGES 2,69240,THIZY-LES-BOURGS,0,0
47.52A,DROGUERIE LAFAYETTE,"",171,COURS,LAFAYETTE,69006,LYON,844247.3912375856,6519934.554989277
47.52A,DROGUERIE CHAMPAGNE,"",2,CHEMIN,DU TRONCHON,69410,CHAMPAGNE-AU-MONT-D'OR,838512.9873120523,6524040.753606117
47.52A,CLOTURES ET VOUS,"",625,RUE,GUSTAVE EIFFEL,69330,MEYZIEU,857740.7112518994,6522344.959084295
47.52A,NOUVELLE DROGUERIE CALADOISE,"",65,RUE,DE LA BARMONDIERE,69400,VILLEFRANCHE-SUR-SAONE,832848.7041957378,6544756.704771231
47.52A,MULTIBAIE,"",175,ROUTE,NATIONALE 6,69720,SAINT-BONNET-DE-MURE,856345.5954414858,6513079.019746709
47.52A,DROGUERIE LUMIERE,"",11,RUE,ANTOINE LUMIERE,69008,LYON,845376.1589735384,6517638.470540954
47.52A,ID'RENO,"",2871,AVENUE,DE L'EUROPE,69140,RILLIEUX-LA-PAPE,848704.95,6526566.56
47.52A,RHONE FENETRES PORTES CONFORT,"",73,COURS,LAFAYETTE,69006,LYON,843622.3110940122,6519914.559557148
47.52A,LES ARTISANS DU STORE,"",35,RUE,DES MARTINETS,69210,L'ARBRESLE,824732.4102600702,6526337.509175161
47.52A,BE.A.BA.,"",49,"",GRANDE RUE,69850,SAINT-MARTIN-EN-HAUT,821708.0658807103,6507832.958832881
47.52A,BE.A.BA.,"",70,"",GRANDE RUE,69590,SAINT-SYMPHORIEN-SUR-COISE,813435.3381989006,6504706.055652828
47.52A,IPM,"",2,CHEMIN,DU VIEUX MOULIN,69160,TASSIN-LA-DEMI-LUNE,838350.43905789,6520106.888428215
47.52A,CHEVALIER FRERES,"",54,RUE,PAUL VERLAINE,69100,VILLEURBANNE,846144.1406749452,6519972.553067134
47.52A,CHEVALIER FRERES,"",28,RUE,SERVIENT,69003,LYON,843282.1546863486,6519489.052889453
47.52A,STOREMA,"",58,RUE,GARIBALDI,69006,LYON,843777.070894557,6520612.664246234
47.52A,CP LYON EST,"",153,AVENUE,CHARLES DE GAULLE,69720,SAINT-BONNET-DE-MURE,856571.0529686236,6512986.227988935
47.52A,PRO CONCEPT 5 SERVICES,"",30,QUAI,ARLOING,69009,LYON,840778.5130833656,6520691.083153905
47.52A,DROGUERIE CHARLEMAGNE,"",38,COURS,CHARLEMAGNE,69002,LYON,841761.4896807594,6517910.49159863
47.52A,DECIBOIS,"",10,CHEMIN,DE PEYSSILIEU,69330,MEYZIEU,854348.3914918315,6520695.339396759
47.52A,LACOMBE DEMORE MOTOCULTURE,ZA LA GAITE,13,ROUTE,DE CUBLIZE,69550,AMPLEPUIS,803621.0451194628,6543478.956173211
47.52A,1001 LYON NORD,"",93,RUE,PASTEUR,69300,CALUIRE-ET-CUIRE,843280.8567884687,6523215.124622642
47.52A,M2BY SAONE,RN 6,296,ALLEE,DE VIADOREE,69480,ANSE,832856.0356876185,6541294.274588246
47.52A,THERMAE,ZONE ARTISANALE,"","",CLAPE LOUP,69280,SAINTE-CONSORCE,832659.7027812996,6520238.794509532
47.52A,DROGUERIE TASSIN,5 E,"",PROMENADE,DES TUILERIES,69160,TASSIN-LA-DEMI-LUNE,838230.6030966335,6519687.530131251
47.52A,CHASSIS CROISEES RHONE,"",5,AVENUE,BERTHELOT,69007,LYON,842622.6774749983,6518110.060564297
47.52A,HARMONIE FENETRES,"",54,RUE,MARIETTON,69009,LYON,839997.9619691741,6521178.856119144
47.52A,IDS RHONE ALPES,10 RESIDENCE DES EPINETTES,"",CHEMIN,DES EPINETTES,69580,SATHONAY-VILLAGE,845442.2656802193,6528009.643940278
47.52A,JIMBERT,"",100,RUE,DE L'INDUSTRIE,69800,SAINT-PRIEST,849665.72,6512151.82
47.52A,SOCIETE NOUVELLE CHEMINEES DECOBAT,"",31,AVENUE,DE LANESSAN,69410,CHAMPAGNE-AU-MONT-D'OR,839312.6497235533,6523179.677687702
47.52A,RHONE FIXATIONS,"",14,RUE,DOUAUMONT,69100,VILLEURBANNE,847543.0900679628,6522023.521232372
47.52A,ETABLISSEMENTS JEAN THOLLOT ET FILS,"",129,AVENUE,THIERS,69006,LYON,844688.8569113873,6520537.01487488
47.52A,POLY COUTELIER-ORFEVRE,"",22,GRANDE RUE,DE VAISE,69009,LYON,840430.917051674,6521022.354558231
47.52A,POLY COUTELIER-ORFEVRE,"",20,COURS,FRANKLIN ROOSEVELT,69006,LYON,843398.7305626895,6520455.960348379
47.52A,O CARRE SPA,"",381,RUE,CAPITAINE FRANCOIS GARBIT,69440,MORNANT,832968.9258601528,6503742.174301637
47.52A,PISCINES PLAISIR LYON RIVE GAUCHE,81-83-PARC LES RIVOLLES,81,RUE,ELISEE RECLUS,69150,DECINES-CHARPIEU,850538.6694477432,6518215.695135138
47.52A,PISCINES PLAISIR LYON RIVE GAUCHE,"",38,ALLEE,DES PLATANES,69500,BRON,846945.6219093229,6515789.213219942
47.52A,V.O.S OUTILLAGES ET EQUIPEMENTS,"",104,ROUTE,DES MONTS DU LYONNAIS,69510,MESSIMY,829882.8703614078,6510866.667791475
47.52A,GROUPE LLP PRODUCTION,"",3,BOULEVARD,DE LA CROIX-ROUSSE,69004,LYON,841148.72,6520818.0
47.52A,VIENNE STORES,"",44,ROUTE,DEPARTEMENTALE 386,69560,SAINT-ROMAIN-EN-GAL,845726.9119676515,6493667.841451745
47.52A,TRAMTECH SERVICES,"",7,AVENUE,BERTHELOT,69007,LYON,842641.0590684335,6518102.156674349
47.52A,AGENCE JM,"",14,RUE,DE BOURGOGNE,69220,BELLEVILLE-EN-BEAUJOLAIS,0,0
47.52A,AGENCE JM,"",85,RUE,DES ALIZES,69220,TAPONAS,835836.3005799607,6560553.708858783
47.52A,DEPOT BY CARROSS,"",16,RUE,DE SERRIERES,69540,IRIGNY,841548.7714977214,6511963.547413693
47.52A,BRUNO BRICO,"",3,ROUTE,DE CUBLIZE,69550,AMPLEPUIS,803423.1025333306,6543343.879033305
47.52A,TCP MENUISERIES,"",20,AVENUE,DU CHAMP DE MARS,69360,SAINT-SYMPHORIEN-D'OZON,844741.6761590464,6505645.263817021
47.52A,AQUAECULLY,"",62,AV,PAUL SANTY,69130,ECULLY,0,0
47.52A,FRANCE CLOTURE CONSEIL,"",205,AVENUE,FRANKLIN ROOSEVELT,69150,DECINES-CHARPIEU,850314.2228365988,6518323.499888297
47.52A,UNIVERS PISCINES,"",9,RUE,PASTEUR,69720,SAINT-BONNET-DE-MURE,856664.26,6513055.15
47.52A,AQUARAPH,"",114,AVENUE,DE L'AN 2000,69290,CRAPONNE,835223.9687894859,6518031.8985091755
47.52A,ITALIAN CASA,"",128,RUE,BOSSUET,69006,LYON,844274.4105832735,6520441.9440500075
47.52A,TECHNIPROFERM,"",50,RUE,DU SOUVENIR,69009,LYON,839617.614160987,6521142.306792193
47.52A,GREENCOOL,"",40,RUE,DES REMPARTS D'AINAY,69002,LYON,842417.8628736302,6518628.272878622
47.52A,EXPERTISE MENUISERIES,"",12,RUE,MARIETTON,69009,LYON,840373.7480813854,6521115.686138023
47.52A,ITALIAN CASA,"",40,RUE,DE VERDUN,69290,CRAPONNE,0,0
47.52A,RENEGAT,"",6,QUAI,DE LA PECHERIE,69001,LYON,842301.5855999625,6520124.609576341
47.52A,PISCIN'ATTITUDE,"",19,RUE,GABRIEL VOISIN,69220,BELLEVILLE-EN-BEAUJOLAIS,0,0
47.52A,EAU PLAISIR,"",132,AVENUE,CHARLES DE GAULLE,69720,SAINT-BONNET-DE-MURE,856826.8991773853,6512892.553774507
47.52A,1001 FENETRES,CC DE SAYTHE,60,RUE,DE L'EGALITE,69800,SAINT-PRIEST,851497.1364068954,6511727.926341699
47.52A,BRIC A DROG,"",13,RUE,DE MARSEILLE,69007,LYON,843146.1588587175,6518766.073527877
47.52A,STORES,ACTIPARK DE LA RICHASSIERE - BATIMENT,662,RUE,DES JONCHERES,69730,GENAY,841178.1189276947,6534773.321170515
47.52A,POUFFIER MOTOCULTURE,"",97,RUE,DU BOURBONNAIS,69009,LYON,839436.5180552554,6520909.253094499
47.52A,STORES RHODANIENS,BP 2597,3,COURS,CHARLEMAGNE,69002,LYON,841876.5850184461,6518048.669324293
47.52A,QUINCAILLERIE BLONDET,"",7,PLACE,DE LA CROIX-ROUSSE,69004,LYON,842364.6728643118,6521225.105217247
47.52A,MYA,"",54,RUE,CRILLON,69006,LYON,843833.4431717412,6520708.29363517
47.52A,RK-PISCINES,"",50,AVENUE,DU PROGRES,69680,CHASSIEU,852726.3460817711,6516511.819420171
47.52A,ETABLISSEMENT TOUSSAINT,"",15,RUE,CARNOT,69190,SAINT-FONS,844431.7905448328,6513772.635514225
47.52A,ETABLISSEMENT TOUSSAINT,"",10,RUE,CARNOT,69190,SAINT-FONS,844426.2315698756,6513757.508737451
47.52A,KAYA FACADES,"",1,RUE,DE BOURGOGNE,69330,MEYZIEU,856200.8330160048,6520186.901994104
47.52A,[ND],[ND],[ND],[ND],[ND],[ND],LYON,[ND],[ND]
47.52A,VEDIS ISOLATION,"",346,AVENUE,CHARLES DE GAULLE,69200,VENISSIEUX,846915.0313230532,6515015.899862625
47.52A,LA PISCINADE,"",37,ROUTE,DE LYON,69530,ORLIENAS,836269.7569733192,6507506.451905602
47.52A,WELVAERE FRANCE,BATIMENT H,662,RUE,DES JONCHERES,69730,GENAY,841178.1189276947,6534773.321170515
47.52A,LES SOLS PARFAITS,"",12,CHEMIN,DU CHANAY,69720,SAINT-BONNET-DE-MURE,857268.0406342665,6512907.720269451
47.52A,LES PISCINES CALADOISES,"",2125,ROUTE,DE VILLEFRANCHE,69480,ANSE,832804.8354785647,6539841.94784612
47.52A,CAUCHI DESIGN 69,"",31,RUE,MALESHERBES,69006,LYON,843184.6904697099,6520683.453834767
47.52A,L VERANDA,"",22,CHEMIN,DES RONZIERES,69390,VOURLES,837077.7170901033,6508383.944043373
47.52A,LE STORE LYONNAIS,"",57,PLACE,DE LA REPUBLIQUE,69002,LYON,842691.4051268423,6519478.7304915665
47.52A,LYON FENETRES,"",14,RUE,CHAMP DOLIN,69800,SAINT-PRIEST,852978.4371901886,6514346.151411176
47.52A,CASABATI,"",12,RUE,DE LA PART-DIEU,69003,LYON,843163.7591815542,6519391.537285264
47.52A,FLOMAXALE,"",144,PL,DU 11 NOVEMBRE 1918,69390,VERNAISON,0,0
47.52A,HOME CLOTURES DU RHONE,LIEUX DIT LES TACHES,38,ROUTE,D'HEYRIEUX,69780,MIONS,853086.0193264597,6510527.481746875
47.52A,HOME CLOTURES DU RHONE,BAT MBE170,12,RUE,JACQUARD,69680,CHASSIEU,852968.4820070348,6516354.219042869
47.52A,CUBINOX,"","","",LA TONNELIERE,69620,LE BREUIL,0,0
47.52A,SEYAR,31-33,31,RUE,BOILEAU,69006,LYON,843641.17509418,6520898.625333238
47.52A,ISOA SHOP,"",8,CHEMIN,BECKENSTEINER,69260,CHARBONNIERES-LES-BAINS,835621.6819395607,6521499.085348217
47.52A,DROGUERIE QUINCAILLERIE HENRI IV,"",5,RUE,HENRI IV,69002,LYON,842100.5890319942,6518641.9125132635
47.52A,THERMAE,"",2,CHEMIN,DU VIEUX MOULIN,69160,TASSIN-LA-DEMI-LUNE,838350.43905789,6520106.888428215
47.52A,EURL MAWINDO,"",77,AVENUE,PAUL DELORME,69580,SATHONAY-CAMP,844875.4872093238,6525912.438810482
47.52A,VIAL RESEAU,"",212,ROUTE,DE GRENOBLE,69800,SAINT-PRIEST,852631.0462763396,6514793.51348344
47.52A,N2L PAINT,"",20,RUE,DES AQUEDUCS,69290,CRAPONNE,835227.6827905688,6518078.6330359075
47.52A,C P S G,"",7,AVENUE,EDOUARD HERRIOT,69170,TARARE,811791.6832774634,6533465.357915867
47.52A,TECHNI PLOMBERIE,"",83,AVENUE,JEAN JAURES,69190,SAINT-FONS,844330.9883450377,6513909.229251517
47.52A,EURL MARIE SAIKI,"",103,RUE,CORLIN,69400,VILLEFRANCHE-SUR-SAONE,832960.8150801482,6544674.946977044
47.52A,TERNAY BAINS,"",45,ROUTE,DE GIVORS,69360,TERNAY,841044.9942181972,6503201.009235816
47.52A,LES HALLES DE L'ENERGIE,"",6,RUE,SAINT NESTOR,69008,LYON,844884.0737700899,6517714.0346470475
47.52A,LOREN-ATRES,PARC CHAVANNES PARC ACTIVITE 4,113,IMPASSE,DE CHAVANNE,69400,ARNAS,833328.3527789441,6547807.323724838
47.52A,CHALLENGE INVEST,"",27,RUE,MAURICE FLANDIN,69003,LYON,844826.4431133934,6519608.729785761
47.52A,LOREN-ATRES,"",132,ROUTE,NATIONALE 6,69720,SAINT-BONNET-DE-MURE,856826.8991773853,6512892.553774507
47.52A,OCCAS ALIMENTAIRE,"",6,CHEMIN,DU CHANAY,69720,SAINT-BONNET-DE-MURE,857377.2046626698,6512800.317094123
47.52A,EDEN PISCINES,"",69,RTE,NATIONALE 6,69570,DARDILLY,0,0
47.52A,QUALIT'ISOL,"",63,RUE,ANDRE BOLLIER,69007,LYON,842439.2512170745,6516650.752864149
47.52A,BE.A.BA.,"","",PLACE,DE L'EGLISE,69930,SAINT-LAURENT-DE-CHAMOUSSET,813871.4911515118,6516401.0583748035
47.52A,SARL CHIGNET-BOGNEAUX,"",7,RUE,GEORGES CLEMENCEAU,69240,COURS,0,0
47.52A,SARL CHIGNET-BOGNEAUX,"",4,RUE,DU COMMERCE,69240,COURS,0,0
47.52A,TERRABRIS,LES CONFLES,69,RTE,NATIONALE 6,69570,DARDILLY,0,0
47.52A,FL COATINGS,"","","",ZONE D'ACTIVITES DE BELLEVUE,69610,SOUZY,0,0
47.52A,RHONE FENETRES PORTES CONFORT,"",8,RUE,DE NUITS,69004,LYON,842580.717657692,6521471.057021255
47.52A,APS'EAU,105SUD,105,RTE,NATIONALE 6,69380,LISSIEU,0,0
47.52A,DEKORA,"",9,RUE,BALZAC,69150,DECINES CHARPIEU,0,0
47.52A,DROGUERIE OULLINS,"",140,"",GRANDE RUE,69310,OULLINS-PIERRE-BENITE,0,0
47.52A,LA MATENZO,RESIDENCE LES PORTES DE LA SOIE  22A,"",RUE,DU CIMETIERE,69100,VILLEURBANNE,848515.1561375717,6520209.774667995
47.52A,L.D. PISCINE ASSISTANCE,"",21,RUE,OSCAR GALLINE,69580,SATHONAY-VILLAGE,846053.3355590205,6527921.649826253
47.52A,JPH PISCINES,"",387,BOULEVARD,ANTONIN LASSALLE,69400,VILLEFRANCHE-SUR-SAONE,833233.4300139764,6543773.054441027
47.52A,ERGC,ALLEE B,33,RUE,DE LA REPUBLIQUE,69002,LYON,842686.0861748456,6519801.074500248
47.52A,ALYMED,"",107,AVENUE,MARECHAL DE SAXE,69003,LYON,843486.1882112629,6519395.402652104
47.52A,TERNAY SOLS,"",45,ROUTE,DE GIVORS,69360,TERNAY,841044.9942181972,6503201.009235816
47.52A,MISTERPISCINES,"",29,RUE,AMPERE,69680,CHASSIEU,853648.9845959584,6516416.091150245
47.52A,CDB LYON NORD,"",29,RUE,DE BOURGOGNE,69009,LYON,840085.217267062,6521411.782727064
47.52A,DECOR',"",24,RUE,DE LA MOUCHE,69540,IRIGNY,841768.1529602362,6511898.958143413
47.52A,HOME CONCEPT,"",97,AVENUE,FELIX FAURE,69003,LYON,844474.567839766,6518818.308949758
47.52A,FRANCE MENUISERIE ISOLATION,"",52,RUE,PAUL VERLAINE,69100,VILLEURBANNE,846142.7857514882,6519983.740107574
47.52A,ETABLISSEMENTS HUMBERT,BELLEVILLE,34,AV,DE VERDUN,69220,BELLEVILLE-EN-BEAUJOLAIS,0,0
47.52A,BATI-HARMONIE,"",226,RUE,DU GENERAL DE GAULLE,69530,BRIGNAIS,836411.2277528017,6508769.890752302
47.52A,CONFORT HABITAT PLUS,BUREAU CREQUI,131,RUE,DE CREQUI,69006,LYON,843516.0149687692,6520161.2274217745
47.52A,FLAM'CONCEPT,"",18,RUE,DES REMPARTS D'AINAY,69002,LYON,842237.7105464,6518694.408903981
47.52A,EPFRD EQUIPEMENTS DE PREVENTION CONTRE LE FEU ET RISQUES DIVERS,"",120,RUE,CHALLEMEL LACOUR,69007,LYON,843562.5786361981,6516085.300318661
47.52A,ISO DE REV,"",63,RUE,ANDRE BOLLIER,69007,LYON,842439.2512170745,6516650.752864149
47.52A,THERMO-CONCEPT 69,"","",RUE,DES VERGERS,69120,VAULX-EN-VELIN,848397.7656011786,6522516.57683467
47.52A,F.B.S.,"",59,CHEMIN,DU MOULIN CARRON,69570,DARDILLY,837310.7563442492,6524077.249851362
47.52A,SIAM,"",79,"",GRANDE RUE,69780,TOUSSIEU,854359.5555245487,6507986.464361094
47.52A,AQUA SERVICES EURL,"",17,ROUTE,DE PUSIGNAN,69330,JONS,861834.2663728669,6523874.773239141
47.52A,AIGUE PEINTURES REVETEMENTS,"",13,RUE,DE L’AIGUE,69780,SAINT-PIERRE-DE-CHANDIEU,856230.8097800685,6508906.65963328
47.52B,LEROY MERLIN FRANCE,ODYSSEY,1,RUE,SIMONE VEIL,69200,VENISSIEUX,846195.0841051416,6514792.325776297
47.52B,CASTORAMA FRANCE,AERODROME DE LYON,"",AV,LOUIS MOUILLARD,69500,BRON,0,0
47.52B,CASTORAMA FRANCE,"",58,RUE,PASTEUR,69780,SAINT-PIERRE-DE-CHANDIEU,853827.7112184876,6509638.984244083
47.52B,CASTORAMA FRANCE,ROND POINT DE VANCIA,"","",CHP DU ROI,69140,RILLIEUX LA PAPE,0,0
47.52B,HABITAT HORIZON,"",140,RUE,DES CHANTIERS DU BEAUJOLAIS,69400,LIMAS,833031.020137119,6543359.661233534
47.52B,CASTORAMA FRANCE,CENTRE COMMERCIAL LES 2 VA,"","",PLAINE DU GIER,69700,GIVORS,0,0
47.52B,CASTORAMA FRANCE,PARC D'AFFAIRES,"",ROUTE,DU PAISY,69570,DARDILLY,837257.4039533952,6524385.186564329
47.52B,HABITAT HORIZON,LA PLAINE,"",AVENUE,CHARLES DE GAULLE,69720,SAINT-BONNET-DE-MURE,857363.2755297774,6512651.213803791
47.52B,LEROY MERLIN FRANCE,"","","",LES SEPT CHEMINS,69390,VOURLES,0,0
47.52B,LEROY MERLIN FRANCE,"",12,AVENUE,VICTOR HUGO,69160,TASSIN-LA-DEMI-LUNE,838926.7429466536,6520456.702966122
47.52B,BRICO DEPOT,301-345,301,RUE,CAMILLE DESMOULINS,69400,VILLEFRANCHE-SUR-SAONE,834515.3740185642,6545334.000402064
47.52B,BRICO DEPOT,ZAC DU GARET,"",RUE,FRANCOIS MEUNIER VIAL,69400,VILLEFRANCHE-SUR-SAONE,834230.30712643,6545538.778018934
47.52B,LA BOITE A OUTILS,"",18,ROUTE,DE JONAGE,69150,DECINES-CHARPIEU,853868.2553438116,6521218.933676902
47.52B,AGENCEMENT DECORATION STAFF,"",5,RUE,JULES KUMER,69100,VILLEURBANNE,846936.0678703049,6520359.261664203
47.52B,AGENCEMENT DECORATION STAFF,"",7,RUE,JULES KUMER,69100,VILLEURBANNE,846935.4598672915,6520345.695021327
47.52B,AGENCEMENT DECORATION STAFF,"",260,COURS,EMILE ZOLA,69100,VILLEURBANNE,846884.304083559,6520410.67532548
47.52B,MATHELOT,"",12,RUE,DE L'EPARGNE,69008,LYON,844598.009517332,6517496.455654421
47.52B,BRICO CALADE,"",1313,ROUTE,DE FRANS,69400,VILLEFRANCHE-SUR-SAONE,834521.2191662106,6544231.354070379
47.52B,SUCYBRI,LIEU DIT,"","",PRES DE LA CLOCHE,69220,BELLEVILLE-EN-BEAUJOLAIS,0,0
47.52B,HABITAT HORIZON,"",48,ROUTE,DE LYON,69380,LOZANNE,830411.4253630779,6529747.658756406
47.52B,ARMABRIC,ET 60 RUE PRE GAUDRY,7,RUE,MARIE-MADELEINE FOURCADE,69007,LYON,842934.9752025998,6516968.747633445
47.52B,GOBANNE,"",57,AVENUE,ANTOINE DE SAINT-EXUPERY,69100,VILLEURBANNE,846294.5403172033,6519331.859420112
47.52B,ANTALICE,ZONE BELLEVUE,675,ROUTE,DES GRANDES TERRES,69610,SOUZY,813238.8466331039,6512149.037760308
47.52B,BREQUIN,"",110,RUE,DU BOIS BROCHET,69240,THIZY-LES-BOURGS,799810.5210354907,6549203.151686323
47.52B,EUROPORTAIL,"",1058,ROUTE,DEPARTEMENTALE 386,69700,MONTAGNY,837328.9017310315,6504438.4547307165
47.52B,EUROPORTAIL,"","","",PARC ACTIVITE LES AYATS,69390,MILLERY,0,0
47.52B,SAS BRICO TURDINE,"",10,BOULEVARD,DE LA TURDINE,69170,TARARE,813113.9921639761,6533023.821766491
47.52B,L.N.O.,"",67,RTE,NATIONALE 6,69570,DARDILLY,0,0
47.52B,L.N.O.,"",1129,"",CHEMIN DE L'ANSE,69400,LIMAS,0,0
47.52B,SARL HPB,"",9,RUE,GUSTAVE COURBET,69800,SAINT-PRIEST,852567.193414361,6512617.651068569
47.52B,ALPES CONFORT RHONE,ZONE D'ACTIVITE LES PLATTES,22,CHEMIN,DES RONZIERES,69390,VOURLES,837077.7170901033,6508383.944043373
47.52B,GUGLER LYON EST,"",110,RUE,DU COMPANET,69140,RILLIEUX-LA-PAPE,845805.1991127045,6525142.468649381
47.52B,FRANCE CONCEPT AMENAGEMENT,"",51,CHEMIN,DU MOULIN CARRON,69570,DARDILLY,837184.9635654461,6524220.168976908
47.52B,EURO COULEUR,Z I NORD ARNAS,62,COUR,DES LAVANDES,69400,ARNAS,833596.9612429367,6547092.747946628
47.52B,CHRISTAL CHEMINEES,18,14,AVENUE,GENERAL DE GAULLE,69410,CHAMPAGNE-AU-MONT-D'OR,838522.0403109605,6524197.135121107
47.52B,CHRISTAL CHEMINEES,"","",ROUTE,NATIONALE 6,69720,SAINT-BONNET-DE-MURE,857174.4216992557,6512733.249392708
47.52B,CP VILLEFRANCHE SUR SAONE,"",447,RUE,JOSEPH LEON JACQUEMAIRE,69400,VILLEFRANCHE-SUR-SAONE,834905.8189036577,6545238.528827358
47.52B,CLARTEBAIE,"",50,RUE,ARISTIDE BRIAND,69800,SAINT-PRIEST,850262.2697853821,6512285.57134576
47.52B,BRICO METAL SERVICE,"",125,ROUTE,DE GRENOBLE,69800,SAINT-PRIEST,854074.7472363882,6514119.0600442765
47.52B,L ESPACE BRICO DECOR,"",366,ROUTE,DE SAIN-BEL,69210,L'ARBRESLE,824690.5712771713,6526355.762524404
47.52B,QUINCAILLERIE MORNANTAISE,"",13,AVENUE,DE VERDUN,69440,MORNANT,830148.5029671177,6503922.896106723
47.52B,JUNET CARRELAGE ET BAINS,"",1050,ROUTE,DE SARCEY,69490,SAINT-ROMAIN-DE-POPEY,819986.3102863932,6530915.217935523
47.52B,1001 MPBC,299-301,299,COURS,EMILE ZOLA,69100,VILLEURBANNE,847115.0974263935,6520375.993205082
47.52B,HM RENOV 26,"",67,RUE,DU CHAMP DE L'ORME,69100,VILLEURBANNE,847299.1204412477,6520965.037279346
47.52B,FERRARI FORM EQUIPEMENT,PARC D AFFAIRES,"","",RECAMIER,69970,CHAPONNAY,0,0
47.52B,THALASSOR NEPTUNE,"",69,RUE,HENRI DEPAGNEUX,69400,LIMAS,832850.4937295805,6543245.880088335
47.52B,ECOPISCINE,"",228,ROUTE,DE GRENOBLE,69800,SAINT-PRIEST,852281.0013365407,6514954.561323837
47.52B,E.F,"",600,RTE,NATIONALE 6,69760,LIMONEST,0,0
47.52B,REVE BLEU,"",280,RUE,ALEXANDRE RICHETTA,69400,VILLEFRANCHE-SUR-SAONE,834342.473379194,6544518.0000994075
47.52B,ETS HENRI MAYERE,"",1,CHEMIN,DU PONTET,69380,CIVRIEUX-D'AZERGUES,832285.8892909053,6530071.983693663
47.52B,LA RIVIERE DE CARREAUX,"",52,RUE,BOILEAU,69006,LYON,843639.9609848213,6520774.519205176
47.52B,SEELEY INTERNATIONAL (FRANCE),"",320,AVENUE,BERTHELOT,69008,LYON,845096.2558929853,6517022.562855256
47.52B,PACIFIC POOLS EUROPE,LE THELEMOS,12,QUAI,DU COMMERCE,69009,LYON,840725.658438279,6522029.16152804
47.52B,DROGUERIE GLEIZEENNE,"",590,RUE,DU TACOT BEAUJOLAIS,69400,GLEIZE,0,0
47.52B,JUNET BRICO,"",1050,ROUTE,DE SARCEY,69490,SAINT-ROMAIN-DE-POPEY,819986.3102863932,6530915.217935523
47.52B,ETABLISSEMENTS LAURENT CAMUS,4 RUE GERVAIS BUSSIERE COMMUN AVEC,20,AVENUE,ROGER SALENGRO,69100,VILLEURBANNE,846045.9078316856,6521626.450145239
47.52B,VISION PISCINES,"",957,ROUTE,DEPARTEMENTALE 386,69700,MONTAGNY,837309.90573997,6504297.848211181
47.52B,MADUMAX,"",30,RUE,PIERRE CORNEILLE,69006,LYON,843251.65,6520176.27
47.52B,DJN PISCINES ET SPAS,"",231,AVENUE,CHARLES DE GAULLE,69720,SAINT-BONNET-DE-MURE,855610.4756868784,6513422.8292535525
47.52B,COMPTOIR LYONNAIS DU BRICOLAGE,"",26,AVENUE,EDOUARD MILLAUD,69290,CRAPONNE,835394.6900889539,6517917.919639741
47.52B,ALOHA PISCINES,"",305,RUE,GABRIEL VOISIN,69400,VILLEFRANCHE-SUR-SAONE,834904.2384212345,6543714.178723794
47.52B,APICE PISCINE,"",47,RUE,DE LA GARDE,69360,COMMUNAY,842878.997138946,6501546.3267646525
47.52B,POOL GARDEN CONCEPT,"",1,RUE,LA FONTAINE,69800,SAINT-PRIEST,854250.220698431,6513119.023094011
47.52B,EMA DIFFUSION,COURS-LA-VILLE,74,RUE,NEUVE,69240,COURS,0,0
47.52B,LAPEYRE,"",221,ROUTE,DE GRENOBLE,69800,SAINT-PRIEST,852593.8137894884,6514788.700187568
47.52B,LAPEYRE,"","",RUE,DES TUILERIES,69760,LIMONEST,0,0
47.52B,SOCIETE DE MATERIAUX DE CONSTRUCTION - SMC,"",90,AVENUE,DE LANESSAN,69410,CHAMPAGNE-AU-MONT-D'OR,838908.7935664171,6523712.915829782
47.52B,NOVA PISCINES,25-27,25,RUE,DE LA REPUBLIQUE,69310,OULLINS-PIERRE-BENITE,0,0
47.52B,BRICO DEPOT,RN6,"",ROUTE,DE GRENOBLE,69800,SAINT-PRIEST,853302.3103852976,6514468.75701929
47.52B,KF KATIA 2,"",163,AVENUE,FRANKLIN ROOSEVELT,69150,DECINES-CHARPIEU,850383.9750120396,6518749.10607379
47.52B,GB. DISTRIBUTION SN,"",79,RUE,DE REIMS,69500,BRON,848821.5577718898,6517416.561277596
47.52B,J M G,"",7,ROUTE,DU COLOMBIER,69490,SAINT-ROMAIN-DE-POPEY,819409.9896834354,6530144.4476970425
47.52B,VIAL MENUISERIES,418-428,418,RUE,ALEXANDRE RICHETTA,69400,VILLEFRANCHE-SUR-SAONE,834341.0926922393,6544661.814696596
47.52B,VIAL MENUISERIES,RN6,212,RTE,NATIONALE,69800,SAINT-PRIEST,0,0
47.52B,COBALT,"",41,COURS,DOCTEUR LONG,69003,LYON,846413.8900217372,6518373.842590511
47.52B,SARL RAYON DE LUMIERE,"",6,RUE,JULES RENARD,69330,MEYZIEU,854375.7614725669,6521266.676463118
47.52B,VERTEC,CNR,"","",ZONE PORTUAIRE,69560,SAINT-ROMAIN-EN-GAL,0,0
47.52B,ELGISYA,"","","",LE JAYON,69520,GRIGNY,0,0
47.52B,AMC ENTREPRISE,22 A 24,22,RUE,FRANCISQUE AYNARD,69200,VENISSIEUX,845961.8184302426,6513288.606805591
47.53Z,DECOPLUS,"",2,RUE,DU PLAT,69002,LYON,842223.142252806,6519346.448086973
47.53Z,BELVEDERE,"",44,CHEMIN,DE GENAS,69800,SAINT-PRIEST,852510.3625483679,6514742.970517205
47.53Z,BELVEDERE,PARC D'AFFAIRES,"","",PAISY,69570,DARDILLY,0,0
47.53Z,FOUCRAY DECO,"",1,AVENUE,DE L'HIPPODROME,69140,RILLIEUX-LA-PAPE,846739.9252108118,6525889.694773547
47.53Z,FOUCRAY DECO,"",197,RUE,VENDOME,69003,LYON,843536.8694664573,6519509.002154688
47.53Z,FOUCRAY DECO,VOIE EXPRESS C47 CENTRE CO,"","",PLAINE DU GIER,69700,GIVORS,0,0
47.53Z,FOUCRAY DECO,"",5,ROUTE,DE JONAGE,69150,DECINES-CHARPIEU,853620.6410603083,6521142.299543325
47.59B,SARL ATRE DECORATION,"",14,RUE,BASSE COMBALOT,69007,LYON,843184.9407337947,6518950.262064338
47.59B,BH2E,"",4,RUE,DE LA REPUBLIQUE,69001,LYON,842672.7025733468,6520239.532538083
47.72A,ABC CHAUSSURES,CC PART DIEU,17,RUE,DOCTEUR BOUCHUT,69003,LYON,844205.025003836,6519491.0104782
47.79Z,NSA CONCEPT,"",207,RUE,DE THIZY,69400,VILLEFRANCHE-SUR-SAONE,832790.0690858932,6544429.976000723
47.89Z,OUTILLAGE DE ST ETIENNE,"",2125,ROUTE,DE VILLEFRANCHE,69480,ANSE,832804.8354785647,6539841.94784612
77.29Z,RAINWATER  INTERNATIONAL,"","",LD,LE MONTENET,69870,SAINT NIZIER D'AZERGUES,0,0
77.29Z,RAINWATER  INTERNATIONAL,"",53,RUE,DE TRION,69005,LYON,841117.7245082039,6519120.316064148
81.30Z,EVML,ZA DES ANDRES,72,RUE,DU CHAPITRE,69126,BRINDAS,832237.8788916478,6514514.569517702
81.30Z,EVML,"",1,RUE,DU 11 NOVEMBRE 1918,69290,CRAPONNE,834363.1619161185,6517535.582303869
